{"type":"FeatureCollection","features":[{"type":"Feature","geometry":{"type":"Point","coordinates":[103.889793,1.326679]},"properties":{"id":"mrt-macpherson-exit-a-103.889793-1.326679","name":"MacPherson · Exit A","category":"exit","stationId":"mrt-macpherson","exit":"Exit A","codes":"CC10-DT26","source":"LTA DataMall"}},{"type":"Feature","geometry":{"type":"Point","coordinates":[103.890666,1.325855]},"properties":{"id":"mrt-macpherson-exit-b-103.890666-1.325855","name":"MacPherson · Exit B","category":"exit","stationId":"mrt-macpherson","exit":"Exit B","codes":"CC10-DT26","source":"LTA DataMall"}},{"type":"Feature","geometry":{"type":"Point","coordinates":[103.890263,1.325482]},"properties":{"id":"mrt-macpherson-exit-c-103.890263-1.325482","name":"MacPherson · Exit C","category":"exit","stationId":"mrt-macpherson","exit":"Exit C","codes":"CC10-DT26","source":"LTA DataMall"}},{"type":"Feature","geometry":{"type":"Point","coordinates":[103.786907,1.299027]},"properties":{"id":"mrt-one-north-exit-a-103.786907-1.299027","name":"one-north · Exit A","category":"exit","stationId":"mrt-one-north","exit":"Exit A","codes":"CC23","source":"LTA DataMall"}},{"type":"Feature","geometry":{"type":"Point","coordinates":[103.78481,1.292428]},"properties":{"id":"mrt-kent-ridge-exit-b-103.784810-1.292428","name":"Kent Ridge · Exit B","category":"exit","stationId":"mrt-kent-ridge","exit":"Exit B","codes":"CC24","source":"LTA DataMall"}},{"type":"Feature","geometry":{"type":"Point","coordinates":[103.784466,1.294316]},"properties":{"id":"mrt-kent-ridge-exit-a-103.784466-1.294316","name":"Kent Ridge · Exit A","category":"exit","stationId":"mrt-kent-ridge","exit":"Exit A","codes":"CC24","source":"LTA DataMall"}},{"type":"Feature","geometry":{"type":"Point","coordinates":[103.782006,1.283055]},"properties":{"id":"mrt-haw-par-villa-exit-a-103.782006-1.283055","name":"Haw Par Villa · Exit A","category":"exit","stationId":"mrt-haw-par-villa","exit":"Exit A","codes":"CC25","source":"LTA DataMall"}},{"type":"Feature","geometry":{"type":"Point","coordinates":[103.79203,1.276003]},"properties":{"id":"mrt-pasir-panjang-exit-a-103.792030-1.276003","name":"Pasir Panjang · Exit A","category":"exit","stationId":"mrt-pasir-panjang","exit":"Exit A","codes":"CC26","source":"LTA DataMall"}},{"type":"Feature","geometry":{"type":"Point","coordinates":[103.802356,1.272107]},"properties":{"id":"mrt-labrador-park-exit-a-103.802356-1.272107","name":"Labrador Park · Exit A","category":"exit","stationId":"mrt-labrador-park","exit":"Exit A","codes":"CC27","source":"LTA DataMall"}},{"type":"Feature","geometry":{"type":"Point","coordinates":[103.809884,1.270721]},"properties":{"id":"mrt-telok-blangah-exit-a-103.809884-1.270721","name":"Telok Blangah · Exit A","category":"exit","stationId":"mrt-telok-blangah","exit":"Exit A","codes":"CC28","source":"LTA DataMall"}},{"type":"Feature","geometry":{"type":"Point","coordinates":[103.807799,1.325333]},"properties":{"id":"mrt-tan-kah-kee-exit-a-103.807799-1.325333","name":"Tan Kah Kee · Exit A","category":"exit","stationId":"mrt-tan-kah-kee","exit":"Exit A","codes":"DT8","source":"LTA DataMall"}},{"type":"Feature","geometry":{"type":"Point","coordinates":[103.764234,1.369833]},"properties":{"id":"mrt-cashew-exit-a-103.764234-1.369833","name":"Cashew · Exit A","category":"exit","stationId":"mrt-cashew","exit":"Exit A","codes":"DT2","source":"LTA DataMall"}},{"type":"Feature","geometry":{"type":"Point","coordinates":[103.796566,1.33078]},"properties":{"id":"mrt-sixth-avenue-exit-a-103.796566-1.330780","name":"Sixth Avenue · Exit A","category":"exit","stationId":"mrt-sixth-avenue","exit":"Exit A","codes":"DT7","source":"LTA DataMall"}},{"type":"Feature","geometry":{"type":"Point","coordinates":[103.78303,1.335537]},"properties":{"id":"mrt-king-albert-park-exit-a-103.783030-1.335537","name":"King Albert Park · Exit A","category":"exit","stationId":"mrt-king-albert-park","exit":"Exit A","codes":"DT6","source":"LTA DataMall"}},{"type":"Feature","geometry":{"type":"Point","coordinates":[103.767108,1.362084]},"properties":{"id":"mrt-hillview-exit-b-103.767108-1.362084","name":"Hillview · Exit B","category":"exit","stationId":"mrt-hillview","exit":"Exit B","codes":"DT3","source":"LTA DataMall"}},{"type":"Feature","geometry":{"type":"Point","coordinates":[103.761923,1.379008]},"properties":{"id":"mrt-bukit-panjang-exit-a-103.761923-1.379008","name":"Bukit Panjang · Exit A","category":"exit","stationId":"mrt-bukit-panjang","exit":"Exit A","codes":"DT1","source":"LTA DataMall"}},{"type":"Feature","geometry":{"type":"Point","coordinates":[103.852375,1.303404]},"properties":{"id":"mrt-rochor-exit-a-103.852375-1.303404","name":"Rochor · Exit A","category":"exit","stationId":"mrt-rochor","exit":"Exit A","codes":"DT13","source":"LTA DataMall"}},{"type":"Feature","geometry":{"type":"Point","coordinates":[103.852428,1.279796]},"properties":{"id":"mrt-downtown-exit-f-103.852428-1.279796","name":"Downtown · Exit F","category":"exit","stationId":"mrt-downtown","exit":"Exit F","codes":"DT17","source":"LTA DataMall"}},{"type":"Feature","geometry":{"type":"Point","coordinates":[103.848507,1.281887]},"properties":{"id":"mrt-telok-ayer-exit-a-103.848507-1.281887","name":"Telok Ayer · Exit A","category":"exit","stationId":"mrt-telok-ayer","exit":"Exit A","codes":"DT18","source":"LTA DataMall"}},{"type":"Feature","geometry":{"type":"Point","coordinates":[103.697155,1.337345]},"properties":{"id":"mrt-pioneer-exit-a-103.697155-1.337345","name":"Pioneer · Exit A","category":"exit","stationId":"mrt-pioneer","exit":"Exit A","codes":"EW28","source":"LTA DataMall"}},{"type":"Feature","geometry":{"type":"Point","coordinates":[103.697129,1.337832]},"properties":{"id":"mrt-pioneer-exit-b-103.697129-1.337832","name":"Pioneer · Exit B","category":"exit","stationId":"mrt-pioneer","exit":"Exit B","codes":"EW28","source":"LTA DataMall"}},{"type":"Feature","geometry":{"type":"Point","coordinates":[103.845656,1.276448]},"properties":{"id":"mrt-tanjong-pagar-exit-i-103.845656-1.276448","name":"Tanjong Pagar · Exit I","category":"exit","stationId":"mrt-tanjong-pagar","exit":"Exit I","codes":"EW15","source":"LTA DataMall"}},{"type":"Feature","geometry":{"type":"Point","coordinates":[103.79093,1.306298]},"properties":{"id":"mrt-buona-vista-exit-d-103.790930-1.306298","name":"Buona Vista · Exit D","category":"exit","stationId":"mrt-buona-vista","exit":"Exit D","codes":"EW21-CC22","source":"LTA DataMall"}},{"type":"Feature","geometry":{"type":"Point","coordinates":[103.795769,1.311069]},"properties":{"id":"mrt-holland-village-exit-b-103.795769-1.311069","name":"Holland Village · Exit B","category":"exit","stationId":"mrt-holland-village","exit":"Exit B","codes":"CC21","source":"LTA DataMall"}},{"type":"Feature","geometry":{"type":"Point","coordinates":[103.787928,1.300359]},"properties":{"id":"mrt-one-north-exit-b-103.787928-1.300359","name":"one-north · Exit B","category":"exit","stationId":"mrt-one-north","exit":"Exit B","codes":"CC23","source":"LTA DataMall"}},{"type":"Feature","geometry":{"type":"Point","coordinates":[103.839789,1.280993]},"properties":{"id":"mrt-outram-park-exit-3-103.839789-1.280993","name":"Outram Park · Exit 3","category":"exit","stationId":"mrt-outram-park","exit":"Exit 3","codes":"EW16-NE3-TE17","source":"LTA DataMall"}},{"type":"Feature","geometry":{"type":"Point","coordinates":[103.778305,1.311415]},"properties":{"id":"mrt-dover-exit-a-103.778305-1.311415","name":"Dover · Exit A","category":"exit","stationId":"mrt-dover","exit":"Exit A","codes":"EW22","source":"LTA DataMall"}},{"type":"Feature","geometry":{"type":"Point","coordinates":[103.778465,1.311693]},"properties":{"id":"mrt-dover-exit-b-103.778465-1.311693","name":"Dover · Exit B","category":"exit","stationId":"mrt-dover","exit":"Exit B","codes":"EW22","source":"LTA DataMall"}},{"type":"Feature","geometry":{"type":"Point","coordinates":[103.70565,1.33863]},"properties":{"id":"mrt-boon-lay-exit-d-103.705650-1.338630","name":"Boon Lay · Exit D","category":"exit","stationId":"mrt-boon-lay","exit":"Exit D","codes":"EW27","source":"LTA DataMall"}},{"type":"Feature","geometry":{"type":"Point","coordinates":[103.705353,1.338514]},"properties":{"id":"mrt-boon-lay-exit-e-103.705353-1.338514","name":"Boon Lay · Exit E","category":"exit","stationId":"mrt-boon-lay","exit":"Exit E","codes":"EW27","source":"LTA DataMall"}},{"type":"Feature","geometry":{"type":"Point","coordinates":[103.705795,1.338273]},"properties":{"id":"mrt-boon-lay-exit-f-103.705795-1.338273","name":"Boon Lay · Exit F","category":"exit","stationId":"mrt-boon-lay","exit":"Exit F","codes":"EW27","source":"LTA DataMall"}},{"type":"Feature","geometry":{"type":"Point","coordinates":[103.749937,1.34939]},"properties":{"id":"mrt-bukit-batok-exit-b-103.749937-1.349390","name":"Bukit Batok · Exit B","category":"exit","stationId":"mrt-bukit-batok","exit":"Exit B","codes":"NS2","source":"LTA DataMall"}},{"type":"Feature","geometry":{"type":"Point","coordinates":[103.678521,1.327502]},"properties":{"id":"mrt-joo-koon-exit-a-103.678521-1.327502","name":"Joo Koon · Exit A","category":"exit","stationId":"mrt-joo-koon","exit":"Exit A","codes":"EW29","source":"LTA DataMall"}},{"type":"Feature","geometry":{"type":"Point","coordinates":[103.678644,1.327956]},"properties":{"id":"mrt-joo-koon-exit-b-103.678644-1.327956","name":"Joo Koon · Exit B","category":"exit","stationId":"mrt-joo-koon","exit":"Exit B","codes":"EW29","source":"LTA DataMall"}},{"type":"Feature","geometry":{"type":"Point","coordinates":[103.744224,1.385705]},"properties":{"id":"mrt-choa-chu-kang-exit-d-103.744224-1.385705","name":"Choa Chu Kang · Exit D","category":"exit","stationId":"mrt-choa-chu-kang","exit":"Exit D","codes":"NS4","source":"LTA DataMall"}},{"type":"Feature","geometry":{"type":"Point","coordinates":[103.762497,1.425125]},"properties":{"id":"mrt-kranji-exit-d-103.762497-1.425125","name":"Kranji · Exit D","category":"exit","stationId":"mrt-kranji","exit":"Exit D","codes":"NS7","source":"LTA DataMall"}},{"type":"Feature","geometry":{"type":"Point","coordinates":[103.774411,1.432751]},"properties":{"id":"mrt-marsiling-exit-b-103.774411-1.432751","name":"Marsiling · Exit B","category":"exit","stationId":"mrt-marsiling","exit":"Exit B","codes":"NS8","source":"LTA DataMall"}},{"type":"Feature","geometry":{"type":"Point","coordinates":[103.773997,1.432751]},"properties":{"id":"mrt-marsiling-exit-d-103.773997-1.432751","name":"Marsiling · Exit D","category":"exit","stationId":"mrt-marsiling","exit":"Exit D","codes":"NS8","source":"LTA DataMall"}},{"type":"Feature","geometry":{"type":"Point","coordinates":[103.82158,1.264972]},"properties":{"id":"mrt-harbourfront-exit-e-103.821580-1.264972","name":"HarbourFront · Exit E","category":"exit","stationId":"mrt-harbourfront","exit":"Exit E","codes":"NE1-CC29","source":"LTA DataMall"}},{"type":"Feature","geometry":{"type":"Point","coordinates":[103.821399,1.265979]},"properties":{"id":"mrt-harbourfront-exit-d-103.821399-1.265979","name":"HarbourFront · Exit D","category":"exit","stationId":"mrt-harbourfront","exit":"Exit D","codes":"NE1-CC29","source":"LTA DataMall"}},{"type":"Feature","geometry":{"type":"Point","coordinates":[103.820468,1.266013]},"properties":{"id":"mrt-harbourfront-exit-a-103.820468-1.266013","name":"HarbourFront · Exit A","category":"exit","stationId":"mrt-harbourfront","exit":"Exit A","codes":"NE1-CC29","source":"LTA DataMall"}},{"type":"Feature","geometry":{"type":"Point","coordinates":[103.843798,1.283713]},"properties":{"id":"mrt-chinatown-exit-a-103.843798-1.283713","name":"Chinatown · Exit A","category":"exit","stationId":"mrt-chinatown","exit":"Exit A","codes":"NE4-DT19","source":"LTA DataMall"}},{"type":"Feature","geometry":{"type":"Point","coordinates":[103.845903,1.287806]},"properties":{"id":"mrt-clarke-quay-exit-b-103.845903-1.287806","name":"Clarke Quay · Exit B","category":"exit","stationId":"mrt-clarke-quay","exit":"Exit B","codes":"NE5","source":"LTA DataMall"}},{"type":"Feature","geometry":{"type":"Point","coordinates":[103.846594,1.289199]},"properties":{"id":"mrt-clarke-quay-exit-g-103.846594-1.289199","name":"Clarke Quay · Exit G","category":"exit","stationId":"mrt-clarke-quay","exit":"Exit G","codes":"NE5","source":"LTA DataMall"}},{"type":"Feature","geometry":{"type":"Point","coordinates":[103.84936,1.305605]},"properties":{"id":"mrt-little-india-exit-a-103.849360-1.305605","name":"Little India · Exit A","category":"exit","stationId":"mrt-little-india","exit":"Exit A","codes":"NE7-DT12","source":"LTA DataMall"}},{"type":"Feature","geometry":{"type":"Point","coordinates":[103.849705,1.306352]},"properties":{"id":"mrt-little-india-exit-c-103.849705-1.306352","name":"Little India · Exit C","category":"exit","stationId":"mrt-little-india","exit":"Exit C","codes":"NE7-DT12","source":"LTA DataMall"}},{"type":"Feature","geometry":{"type":"Point","coordinates":[103.850322,1.307426]},"properties":{"id":"mrt-little-india-exit-e-103.850322-1.307426","name":"Little India · Exit E","category":"exit","stationId":"mrt-little-india","exit":"Exit E","codes":"NE7-DT12","source":"LTA DataMall"}},{"type":"Feature","geometry":{"type":"Point","coordinates":[103.852975,1.312454]},"properties":{"id":"mrt-farrer-park-exit-d-103.852975-1.312454","name":"Farrer Park · Exit D","category":"exit","stationId":"mrt-farrer-park","exit":"Exit D","codes":"NE8","source":"LTA DataMall"}},{"type":"Feature","geometry":{"type":"Point","coordinates":[103.853267,1.311911]},"properties":{"id":"mrt-farrer-park-exit-c-103.853267-1.311911","name":"Farrer Park · Exit C","category":"exit","stationId":"mrt-farrer-park","exit":"Exit C","codes":"NE8","source":"LTA DataMall"}},{"type":"Feature","geometry":{"type":"Point","coordinates":[103.854773,1.312327]},"properties":{"id":"mrt-farrer-park-exit-a-103.854773-1.312327","name":"Farrer Park · Exit A","category":"exit","stationId":"mrt-farrer-park","exit":"Exit A","codes":"NE8","source":"LTA DataMall"}},{"type":"Feature","geometry":{"type":"Point","coordinates":[103.855501,1.312259]},"properties":{"id":"mrt-farrer-park-exit-g-103.855501-1.312259","name":"Farrer Park · Exit G","category":"exit","stationId":"mrt-farrer-park","exit":"Exit G","codes":"NE8","source":"LTA DataMall"}},{"type":"Feature","geometry":{"type":"Point","coordinates":[103.855807,1.311766]},"properties":{"id":"mrt-farrer-park-exit-i-103.855807-1.311766","name":"Farrer Park · Exit I","category":"exit","stationId":"mrt-farrer-park","exit":"Exit I","codes":"NE8","source":"LTA DataMall"}},{"type":"Feature","geometry":{"type":"Point","coordinates":[103.856099,1.311884]},"properties":{"id":"mrt-farrer-park-exit-h-103.856099-1.311884","name":"Farrer Park · Exit H","category":"exit","stationId":"mrt-farrer-park","exit":"Exit H","codes":"NE8","source":"LTA DataMall"}},{"type":"Feature","geometry":{"type":"Point","coordinates":[103.860707,1.317915]},"properties":{"id":"mrt-boon-keng-exit-c-103.860707-1.317915","name":"Boon Keng · Exit C","category":"exit","stationId":"mrt-boon-keng","exit":"Exit C","codes":"NE9","source":"LTA DataMall"}},{"type":"Feature","geometry":{"type":"Point","coordinates":[103.868966,1.332801]},"properties":{"id":"mrt-potong-pasir-exit-a-103.868966-1.332801","name":"Potong Pasir · Exit A","category":"exit","stationId":"mrt-potong-pasir","exit":"Exit A","codes":"NE10","source":"LTA DataMall"}},{"type":"Feature","geometry":{"type":"Point","coordinates":[103.864152,1.299661]},"properties":{"id":"mrt-nicoll-highway-exit-b-103.864152-1.299661","name":"Nicoll Highway · Exit B","category":"exit","stationId":"mrt-nicoll-highway","exit":"Exit B","codes":"CC5","source":"LTA DataMall"}},{"type":"Feature","geometry":{"type":"Point","coordinates":[103.814977,1.322535]},"properties":{"id":"mrt-botanic-gardens-exit-a-103.814977-1.322535","name":"Botanic Gardens · Exit A","category":"exit","stationId":"mrt-botanic-gardens","exit":"Exit A","codes":"CC19-DT9","source":"LTA DataMall"}},{"type":"Feature","geometry":{"type":"Point","coordinates":[103.807965,1.317494]},"properties":{"id":"mrt-farrer-road-exit-a-103.807965-1.317494","name":"Farrer Road · Exit A","category":"exit","stationId":"mrt-farrer-road","exit":"Exit A","codes":"CC20","source":"LTA DataMall"}},{"type":"Feature","geometry":{"type":"Point","coordinates":[103.807389,1.317552]},"properties":{"id":"mrt-farrer-road-exit-b-103.807389-1.317552","name":"Farrer Road · Exit B","category":"exit","stationId":"mrt-farrer-road","exit":"Exit B","codes":"CC20","source":"LTA DataMall"}},{"type":"Feature","geometry":{"type":"Point","coordinates":[103.795754,1.310711]},"properties":{"id":"mrt-holland-village-exit-c-103.795754-1.310711","name":"Holland Village · Exit C","category":"exit","stationId":"mrt-holland-village","exit":"Exit C","codes":"CC21","source":"LTA DataMall"}},{"type":"Feature","geometry":{"type":"Point","coordinates":[103.796139,1.31122]},"properties":{"id":"mrt-holland-village-exit-a-103.796139-1.311220","name":"Holland Village · Exit A","category":"exit","stationId":"mrt-holland-village","exit":"Exit A","codes":"CC21","source":"LTA DataMall"}},{"type":"Feature","geometry":{"type":"Point","coordinates":[103.859597,1.282835]},"properties":{"id":"mrt-bayfront-exit-c-103.859597-1.282835","name":"Bayfront · Exit C","category":"exit","stationId":"mrt-bayfront","exit":"Exit C","codes":"CE1-DT16","source":"LTA DataMall"}},{"type":"Feature","geometry":{"type":"Point","coordinates":[103.859759,1.282705]},"properties":{"id":"mrt-bayfront-exit-b-103.859759-1.282705","name":"Bayfront · Exit B","category":"exit","stationId":"mrt-bayfront","exit":"Exit B","codes":"CE1-DT16","source":"LTA DataMall"}},{"type":"Feature","geometry":{"type":"Point","coordinates":[103.775451,1.341582]},"properties":{"id":"mrt-beauty-world-exit-b-103.775451-1.341582","name":"Beauty World · Exit B","category":"exit","stationId":"mrt-beauty-world","exit":"Exit B","codes":"DT5","source":"LTA DataMall"}},{"type":"Feature","geometry":{"type":"Point","coordinates":[103.850201,1.351053]},"properties":{"id":"mrt-bishan-exit-d-103.850201-1.351053","name":"Bishan · Exit D","category":"exit","stationId":"mrt-bishan","exit":"Exit D","codes":"NS17-CC15","source":"LTA DataMall"}},{"type":"Feature","geometry":{"type":"Point","coordinates":[103.848305,1.35058]},"properties":{"id":"mrt-bishan-exit-a-103.848305-1.350580","name":"Bishan · Exit A","category":"exit","stationId":"mrt-bishan","exit":"Exit A","codes":"NS17-CC15","source":"LTA DataMall"}},{"type":"Feature","geometry":{"type":"Point","coordinates":[103.861502,1.320107]},"properties":{"id":"mrt-boon-keng-exit-a-103.861502-1.320107","name":"Boon Keng · Exit A","category":"exit","stationId":"mrt-boon-keng","exit":"Exit A","codes":"NE9","source":"LTA DataMall"}},{"type":"Feature","geometry":{"type":"Point","coordinates":[103.895705,1.392371]},"properties":{"id":"mrt-sengkang-exit-d-103.895705-1.392371","name":"Sengkang · Exit D","category":"exit","stationId":"mrt-sengkang","exit":"Exit D","codes":"NE16","source":"LTA DataMall"}},{"type":"Feature","geometry":{"type":"Point","coordinates":[103.895637,1.391796]},"properties":{"id":"mrt-sengkang-exit-b-103.895637-1.391796","name":"Sengkang · Exit B","category":"exit","stationId":"mrt-sengkang","exit":"Exit B","codes":"NE16","source":"LTA DataMall"}},{"type":"Feature","geometry":{"type":"Point","coordinates":[103.895406,1.391829]},"properties":{"id":"mrt-sengkang-exit-a-103.895406-1.391829","name":"Sengkang · Exit A","category":"exit","stationId":"mrt-sengkang","exit":"Exit A","codes":"NE16","source":"LTA DataMall"}},{"type":"Feature","geometry":{"type":"Point","coordinates":[103.895209,1.390882]},"properties":{"id":"mrt-sengkang-exit-c-103.895209-1.390882","name":"Sengkang · Exit C","category":"exit","stationId":"mrt-sengkang","exit":"Exit C","codes":"NE16","source":"LTA DataMall"}},{"type":"Feature","geometry":{"type":"Point","coordinates":[103.902306,1.40534]},"properties":{"id":"mrt-punggol-exit-a-103.902306-1.405340","name":"Punggol · Exit A","category":"exit","stationId":"mrt-punggol","exit":"Exit A","codes":"NE17","source":"LTA DataMall"}},{"type":"Feature","geometry":{"type":"Point","coordinates":[103.902598,1.405186]},"properties":{"id":"mrt-punggol-exit-b-103.902598-1.405186","name":"Punggol · Exit B","category":"exit","stationId":"mrt-punggol","exit":"Exit B","codes":"NE17","source":"LTA DataMall"}},{"type":"Feature","geometry":{"type":"Point","coordinates":[103.892884,1.38341]},"properties":{"id":"mrt-buangkok-exit-a-103.892884-1.383410","name":"Buangkok · Exit A","category":"exit","stationId":"mrt-buangkok","exit":"Exit A","codes":"NE15","source":"LTA DataMall"}},{"type":"Feature","geometry":{"type":"Point","coordinates":[103.893463,1.38265]},"properties":{"id":"mrt-buangkok-exit-b-103.893463-1.382650","name":"Buangkok · Exit B","category":"exit","stationId":"mrt-buangkok","exit":"Exit B","codes":"NE15","source":"LTA DataMall"}},{"type":"Feature","geometry":{"type":"Point","coordinates":[103.835091,1.429117]},"properties":{"id":"mrt-yishun-exit-c-103.835091-1.429117","name":"Yishun · Exit C","category":"exit","stationId":"mrt-yishun","exit":"Exit C","codes":"NS13","source":"LTA DataMall"}},{"type":"Feature","geometry":{"type":"Point","coordinates":[103.888214,1.334621]},"properties":{"id":"mrt-tai-seng-exit-b-103.888214-1.334621","name":"Tai Seng · Exit B","category":"exit","stationId":"mrt-tai-seng","exit":"Exit B","codes":"CC11","source":"LTA DataMall"}},{"type":"Feature","geometry":{"type":"Point","coordinates":[103.878909,1.343501]},"properties":{"id":"mrt-bartley-exit-b-103.878909-1.343501","name":"Bartley · Exit B","category":"exit","stationId":"mrt-bartley","exit":"Exit B","codes":"CC12","source":"LTA DataMall"}},{"type":"Feature","geometry":{"type":"Point","coordinates":[103.880256,1.342249]},"properties":{"id":"mrt-bartley-exit-a-103.880256-1.342249","name":"Bartley · Exit A","category":"exit","stationId":"mrt-bartley","exit":"Exit A","codes":"CC12","source":"LTA DataMall"}},{"type":"Feature","geometry":{"type":"Point","coordinates":[103.873546,1.349728]},"properties":{"id":"mrt-serangoon-exit-h-103.873546-1.349728","name":"Serangoon · Exit H","category":"exit","stationId":"mrt-serangoon","exit":"Exit H","codes":"NE12-CC13","source":"LTA DataMall"}},{"type":"Feature","geometry":{"type":"Point","coordinates":[103.873957,1.349482]},"properties":{"id":"mrt-serangoon-exit-a-103.873957-1.349482","name":"Serangoon · Exit A","category":"exit","stationId":"mrt-serangoon","exit":"Exit A","codes":"NE12-CC13","source":"LTA DataMall"}},{"type":"Feature","geometry":{"type":"Point","coordinates":[103.874322,1.349902]},"properties":{"id":"mrt-serangoon-exit-d-103.874322-1.349902","name":"Serangoon · Exit D","category":"exit","stationId":"mrt-serangoon","exit":"Exit D","codes":"NE12-CC13","source":"LTA DataMall"}},{"type":"Feature","geometry":{"type":"Point","coordinates":[103.873694,1.350595]},"properties":{"id":"mrt-serangoon-exit-c-103.873694-1.350595","name":"Serangoon · Exit C","category":"exit","stationId":"mrt-serangoon","exit":"Exit C","codes":"NE12-CC13","source":"LTA DataMall"}},{"type":"Feature","geometry":{"type":"Point","coordinates":[103.871449,1.350948]},"properties":{"id":"mrt-serangoon-exit-f-103.871449-1.350948","name":"Serangoon · Exit F","category":"exit","stationId":"mrt-serangoon","exit":"Exit F","codes":"NE12-CC13","source":"LTA DataMall"}},{"type":"Feature","geometry":{"type":"Point","coordinates":[103.862918,1.351739]},"properties":{"id":"mrt-lorong-chuan-exit-b-103.862918-1.351739","name":"Lorong Chuan · Exit B","category":"exit","stationId":"mrt-lorong-chuan","exit":"Exit B","codes":"CC14","source":"LTA DataMall"}},{"type":"Feature","geometry":{"type":"Point","coordinates":[103.864934,1.351439]},"properties":{"id":"mrt-lorong-chuan-exit-a-103.864934-1.351439","name":"Lorong Chuan · Exit A","category":"exit","stationId":"mrt-lorong-chuan","exit":"Exit A","codes":"CC14","source":"LTA DataMall"}},{"type":"Feature","geometry":{"type":"Point","coordinates":[103.840059,1.347866]},"properties":{"id":"mrt-marymount-exit-b-103.840059-1.347866","name":"Marymount · Exit B","category":"exit","stationId":"mrt-marymount","exit":"Exit B","codes":"CC16","source":"LTA DataMall"}},{"type":"Feature","geometry":{"type":"Point","coordinates":[103.839088,1.34898]},"properties":{"id":"mrt-marymount-exit-a-103.839088-1.348980","name":"Marymount · Exit A","category":"exit","stationId":"mrt-marymount","exit":"Exit A","codes":"CC16","source":"LTA DataMall"}},{"type":"Feature","geometry":{"type":"Point","coordinates":[103.844748,1.299649]},"properties":{"id":"mrt-dhoby-ghaut-exit-c-103.844748-1.299649","name":"Dhoby Ghaut · Exit C","category":"exit","stationId":"mrt-dhoby-ghaut","exit":"Exit C","codes":"NS24-NE6-CC1","source":"LTA DataMall"}},{"type":"Feature","geometry":{"type":"Point","coordinates":[103.839407,1.337105]},"properties":{"id":"mrt-caldecott-exit-1-103.839407-1.337105","name":"Caldecott · Exit 1","category":"exit","stationId":"mrt-caldecott","exit":"Exit 1","codes":"CC17-TE9","source":"LTA DataMall"}},{"type":"Feature","geometry":{"type":"Point","coordinates":[103.961943,1.335322]},"properties":{"id":"mrt-expo-exit-a-103.961943-1.335322","name":"Expo · Exit A","category":"exit","stationId":"mrt-expo","exit":"Exit A","codes":"CG1-DT35","source":"LTA DataMall"}},{"type":"Feature","geometry":{"type":"Point","coordinates":[103.962075,1.335253]},"properties":{"id":"mrt-expo-exit-b-103.962075-1.335253","name":"Expo · Exit B","category":"exit","stationId":"mrt-expo","exit":"Exit B","codes":"CG1-DT35","source":"LTA DataMall"}},{"type":"Feature","geometry":{"type":"Point","coordinates":[103.800533,1.440152]},"properties":{"id":"mrt-admiralty-exit-b-103.800533-1.440152","name":"Admiralty · Exit B","category":"exit","stationId":"mrt-admiralty","exit":"Exit B","codes":"NS10","source":"LTA DataMall"}},{"type":"Feature","geometry":{"type":"Point","coordinates":[103.801365,1.440533]},"properties":{"id":"mrt-admiralty-exit-d-103.801365-1.440533","name":"Admiralty · Exit D","category":"exit","stationId":"mrt-admiralty","exit":"Exit D","codes":"NS10","source":"LTA DataMall"}},{"type":"Feature","geometry":{"type":"Point","coordinates":[103.849343,1.369441]},"properties":{"id":"mrt-ang-mo-kio-exit-c-103.849343-1.369441","name":"Ang Mo Kio · Exit C","category":"exit","stationId":"mrt-ang-mo-kio","exit":"Exit C","codes":"NS16","source":"LTA DataMall"}},{"type":"Feature","geometry":{"type":"Point","coordinates":[103.858732,1.280967]},"properties":{"id":"mrt-bayfront-exit-a-103.858732-1.280967","name":"Bayfront · Exit A","category":"exit","stationId":"mrt-bayfront","exit":"Exit A","codes":"CE1-DT16","source":"LTA DataMall"}},{"type":"Feature","geometry":{"type":"Point","coordinates":[103.858441,1.281105]},"properties":{"id":"mrt-bayfront-exit-e-103.858441-1.281105","name":"Bayfront · Exit E","category":"exit","stationId":"mrt-bayfront","exit":"Exit E","codes":"CE1-DT16","source":"LTA DataMall"}},{"type":"Feature","geometry":{"type":"Point","coordinates":[103.859494,1.282834]},"properties":{"id":"mrt-bayfront-exit-d-103.859494-1.282834","name":"Bayfront · Exit D","category":"exit","stationId":"mrt-bayfront","exit":"Exit D","codes":"CE1-DT16","source":"LTA DataMall"}},{"type":"Feature","geometry":{"type":"Point","coordinates":[103.94509,1.353539]},"properties":{"id":"mrt-tampines-exit-b-103.945090-1.353539","name":"Tampines · Exit B","category":"exit","stationId":"mrt-tampines","exit":"Exit B","codes":"EW2-DT32","source":"LTA DataMall"}},{"type":"Feature","geometry":{"type":"Point","coordinates":[103.891975,1.372142]},"properties":{"id":"mrt-hougang-exit-c-103.891975-1.372142","name":"Hougang · Exit C","category":"exit","stationId":"mrt-hougang","exit":"Exit C","codes":"NE14","source":"LTA DataMall"}},{"type":"Feature","geometry":{"type":"Point","coordinates":[103.892446,1.370209]},"properties":{"id":"mrt-hougang-exit-a-103.892446-1.370209","name":"Hougang · Exit A","category":"exit","stationId":"mrt-hougang","exit":"Exit A","codes":"NE14","source":"LTA DataMall"}},{"type":"Feature","geometry":{"type":"Point","coordinates":[103.884722,1.360206]},"properties":{"id":"mrt-kovan-exit-b-103.884722-1.360206","name":"Kovan · Exit B","category":"exit","stationId":"mrt-kovan","exit":"Exit B","codes":"NE13","source":"LTA DataMall"}},{"type":"Feature","geometry":{"type":"Point","coordinates":[103.885451,1.360028]},"properties":{"id":"mrt-kovan-exit-c-103.885451-1.360028","name":"Kovan · Exit C","category":"exit","stationId":"mrt-kovan","exit":"Exit C","codes":"NE13","source":"LTA DataMall"}},{"type":"Feature","geometry":{"type":"Point","coordinates":[103.884307,1.359708]},"properties":{"id":"mrt-kovan-exit-a-103.884307-1.359708","name":"Kovan · Exit A","category":"exit","stationId":"mrt-kovan","exit":"Exit A","codes":"NE13","source":"LTA DataMall"}},{"type":"Feature","geometry":{"type":"Point","coordinates":[103.902894,1.319517]},"properties":{"id":"mrt-eunos-exit-a-103.902894-1.319517","name":"Eunos · Exit A","category":"exit","stationId":"mrt-eunos","exit":"Exit A","codes":"EW7","source":"LTA DataMall"}},{"type":"Feature","geometry":{"type":"Point","coordinates":[103.902582,1.319563]},"properties":{"id":"mrt-eunos-exit-b-103.902582-1.319563","name":"Eunos · Exit B","category":"exit","stationId":"mrt-eunos","exit":"Exit B","codes":"EW7","source":"LTA DataMall"}},{"type":"Feature","geometry":{"type":"Point","coordinates":[103.912899,1.321152]},"properties":{"id":"mrt-kembangan-exit-b-103.912899-1.321152","name":"Kembangan · Exit B","category":"exit","stationId":"mrt-kembangan","exit":"Exit B","codes":"EW6","source":"LTA DataMall"}},{"type":"Feature","geometry":{"type":"Point","coordinates":[103.912941,1.320924]},"properties":{"id":"mrt-kembangan-exit-a-103.912941-1.320924","name":"Kembangan · Exit A","category":"exit","stationId":"mrt-kembangan","exit":"Exit A","codes":"EW6","source":"LTA DataMall"}},{"type":"Feature","geometry":{"type":"Point","coordinates":[103.929157,1.323569]},"properties":{"id":"mrt-bedok-exit-a-103.929157-1.323569","name":"Bedok · Exit A","category":"exit","stationId":"mrt-bedok","exit":"Exit A","codes":"EW5","source":"LTA DataMall"}},{"type":"Feature","geometry":{"type":"Point","coordinates":[103.929673,1.324268]},"properties":{"id":"mrt-bedok-exit-b-103.929673-1.324268","name":"Bedok · Exit B","category":"exit","stationId":"mrt-bedok","exit":"Exit B","codes":"EW5","source":"LTA DataMall"}},{"type":"Feature","geometry":{"type":"Point","coordinates":[103.849596,1.369685]},"properties":{"id":"mrt-ang-mo-kio-exit-b-103.849596-1.369685","name":"Ang Mo Kio · Exit B","category":"exit","stationId":"mrt-ang-mo-kio","exit":"Exit B","codes":"NS16","source":"LTA DataMall"}},{"type":"Feature","geometry":{"type":"Point","coordinates":[103.849939,1.369465]},"properties":{"id":"mrt-ang-mo-kio-exit-a-103.849939-1.369465","name":"Ang Mo Kio · Exit A","category":"exit","stationId":"mrt-ang-mo-kio","exit":"Exit A","codes":"NS16","source":"LTA DataMall"}},{"type":"Feature","geometry":{"type":"Point","coordinates":[103.848312,1.351064]},"properties":{"id":"mrt-bishan-exit-b-103.848312-1.351064","name":"Bishan · Exit B","category":"exit","stationId":"mrt-bishan","exit":"Exit B","codes":"NS17-CC15","source":"LTA DataMall"}},{"type":"Feature","geometry":{"type":"Point","coordinates":[103.848433,1.351035]},"properties":{"id":"mrt-bishan-exit-e-103.848433-1.351035","name":"Bishan · Exit E","category":"exit","stationId":"mrt-bishan","exit":"Exit E","codes":"NS17-CC15","source":"LTA DataMall"}},{"type":"Feature","geometry":{"type":"Point","coordinates":[103.848209,1.350585]},"properties":{"id":"mrt-bishan-exit-c-103.848209-1.350585","name":"Bishan · Exit C","category":"exit","stationId":"mrt-bishan","exit":"Exit C","codes":"NS17-CC15","source":"LTA DataMall"}},{"type":"Feature","geometry":{"type":"Point","coordinates":[103.847441,1.340672]},"properties":{"id":"mrt-braddell-exit-c-103.847441-1.340672","name":"Braddell · Exit C","category":"exit","stationId":"mrt-braddell","exit":"Exit C","codes":"NS18","source":"LTA DataMall"}},{"type":"Feature","geometry":{"type":"Point","coordinates":[103.846406,1.340744]},"properties":{"id":"mrt-braddell-exit-b-103.846406-1.340744","name":"Braddell · Exit B","category":"exit","stationId":"mrt-braddell","exit":"Exit B","codes":"NS18","source":"LTA DataMall"}},{"type":"Feature","geometry":{"type":"Point","coordinates":[103.84643,1.341069]},"properties":{"id":"mrt-braddell-exit-a-103.846430-1.341069","name":"Braddell · Exit A","category":"exit","stationId":"mrt-braddell","exit":"Exit A","codes":"NS18","source":"LTA DataMall"}},{"type":"Feature","geometry":{"type":"Point","coordinates":[103.847578,1.332316]},"properties":{"id":"mrt-toa-payoh-exit-b-103.847578-1.332316","name":"Toa Payoh · Exit B","category":"exit","stationId":"mrt-toa-payoh","exit":"Exit B","codes":"NS19","source":"LTA DataMall"}},{"type":"Feature","geometry":{"type":"Point","coordinates":[103.84732,1.332994]},"properties":{"id":"mrt-toa-payoh-exit-c-103.847320-1.332994","name":"Toa Payoh · Exit C","category":"exit","stationId":"mrt-toa-payoh","exit":"Exit C","codes":"NS19","source":"LTA DataMall"}},{"type":"Feature","geometry":{"type":"Point","coordinates":[103.84334,1.319896]},"properties":{"id":"mrt-novena-exit-b-103.843340-1.319896","name":"Novena · Exit B","category":"exit","stationId":"mrt-novena","exit":"Exit B","codes":"NS20","source":"LTA DataMall"}},{"type":"Feature","geometry":{"type":"Point","coordinates":[103.844389,1.321095]},"properties":{"id":"mrt-novena-exit-a-103.844389-1.321095","name":"Novena · Exit A","category":"exit","stationId":"mrt-novena","exit":"Exit A","codes":"NS20","source":"LTA DataMall"}},{"type":"Feature","geometry":{"type":"Point","coordinates":[103.846517,1.333279]},"properties":{"id":"mrt-toa-payoh-exit-d-103.846517-1.333279","name":"Toa Payoh · Exit D","category":"exit","stationId":"mrt-toa-payoh","exit":"Exit D","codes":"NS19","source":"LTA DataMall"}},{"type":"Feature","geometry":{"type":"Point","coordinates":[103.871054,1.339867]},"properties":{"id":"mrt-woodleigh-exit-c-103.871054-1.339867","name":"Woodleigh · Exit C","category":"exit","stationId":"mrt-woodleigh","exit":"Exit C","codes":"NE11","source":"LTA DataMall"}},{"type":"Feature","geometry":{"type":"Point","coordinates":[103.870941,1.338511]},"properties":{"id":"mrt-woodleigh-exit-a-103.870941-1.338511","name":"Woodleigh · Exit A","category":"exit","stationId":"mrt-woodleigh","exit":"Exit A","codes":"NE11","source":"LTA DataMall"}},{"type":"Feature","geometry":{"type":"Point","coordinates":[103.870508,1.338583]},"properties":{"id":"mrt-woodleigh-exit-b-103.870508-1.338583","name":"Woodleigh · Exit B","category":"exit","stationId":"mrt-woodleigh","exit":"Exit B","codes":"NE11","source":"LTA DataMall"}},{"type":"Feature","geometry":{"type":"Point","coordinates":[103.861904,1.319235]},"properties":{"id":"mrt-boon-keng-exit-b-103.861904-1.319235","name":"Boon Keng · Exit B","category":"exit","stationId":"mrt-boon-keng","exit":"Exit B","codes":"NE9","source":"LTA DataMall"}},{"type":"Feature","geometry":{"type":"Point","coordinates":[103.868704,1.331067]},"properties":{"id":"mrt-potong-pasir-exit-c-103.868704-1.331067","name":"Potong Pasir · Exit C","category":"exit","stationId":"mrt-potong-pasir","exit":"Exit C","codes":"NE10","source":"LTA DataMall"}},{"type":"Feature","geometry":{"type":"Point","coordinates":[103.869333,1.331148]},"properties":{"id":"mrt-potong-pasir-exit-b-103.869333-1.331148","name":"Potong Pasir · Exit B","category":"exit","stationId":"mrt-potong-pasir","exit":"Exit B","codes":"NE10","source":"LTA DataMall"}},{"type":"Feature","geometry":{"type":"Point","coordinates":[103.838399,1.300028]},"properties":{"id":"mrt-somerset-exit-a-103.838399-1.300028","name":"Somerset · Exit A","category":"exit","stationId":"mrt-somerset","exit":"Exit A","codes":"NS23","source":"LTA DataMall"}},{"type":"Feature","geometry":{"type":"Point","coordinates":[103.787565,1.299715]},"properties":{"id":"mrt-one-north-exit-c-103.787565-1.299715","name":"one-north · Exit C","category":"exit","stationId":"mrt-one-north","exit":"Exit C","codes":"CC23","source":"LTA DataMall"}},{"type":"Feature","geometry":{"type":"Point","coordinates":[103.850474,1.296046]},"properties":{"id":"mrt-bras-basah-exit-b-103.850474-1.296046","name":"Bras Basah · Exit B","category":"exit","stationId":"mrt-bras-basah","exit":"Exit B","codes":"CC2","source":"LTA DataMall"}},{"type":"Feature","geometry":{"type":"Point","coordinates":[103.851327,1.296859]},"properties":{"id":"mrt-bras-basah-exit-a-103.851327-1.296859","name":"Bras Basah · Exit A","category":"exit","stationId":"mrt-bras-basah","exit":"Exit A","codes":"CC2","source":"LTA DataMall"}},{"type":"Feature","geometry":{"type":"Point","coordinates":[103.85025,1.297014]},"properties":{"id":"mrt-bras-basah-exit-c-103.850250-1.297014","name":"Bras Basah · Exit C","category":"exit","stationId":"mrt-bras-basah","exit":"Exit C","codes":"CC2","source":"LTA DataMall"}},{"type":"Feature","geometry":{"type":"Point","coordinates":[103.850158,1.297551]},"properties":{"id":"mrt-bras-basah-exit-d-103.850158-1.297551","name":"Bras Basah · Exit D","category":"exit","stationId":"mrt-bras-basah","exit":"Exit D","codes":"CC2","source":"LTA DataMall"}},{"type":"Feature","geometry":{"type":"Point","coordinates":[103.850423,1.297535]},"properties":{"id":"mrt-bras-basah-exit-e-103.850423-1.297535","name":"Bras Basah · Exit E","category":"exit","stationId":"mrt-bras-basah","exit":"Exit E","codes":"CC2","source":"LTA DataMall"}},{"type":"Feature","geometry":{"type":"Point","coordinates":[103.856306,1.293371]},"properties":{"id":"mrt-esplanade-exit-a-103.856306-1.293371","name":"Esplanade · Exit A","category":"exit","stationId":"mrt-esplanade","exit":"Exit A","codes":"CC3","source":"LTA DataMall"}},{"type":"Feature","geometry":{"type":"Point","coordinates":[103.749767,1.34952]},"properties":{"id":"mrt-bukit-batok-exit-c-103.749767-1.349520","name":"Bukit Batok · Exit C","category":"exit","stationId":"mrt-bukit-batok","exit":"Exit C","codes":"NS2","source":"LTA DataMall"}},{"type":"Feature","geometry":{"type":"Point","coordinates":[103.843476,1.285406]},"properties":{"id":"mrt-chinatown-exit-d-103.843476-1.285406","name":"Chinatown · Exit D","category":"exit","stationId":"mrt-chinatown","exit":"Exit D","codes":"NE4-DT19","source":"LTA DataMall"}},{"type":"Feature","geometry":{"type":"Point","coordinates":[103.749118,1.348405]},"properties":{"id":"mrt-bukit-batok-exit-d-103.749118-1.348405","name":"Bukit Batok · Exit D","category":"exit","stationId":"mrt-bukit-batok","exit":"Exit D","codes":"NS2","source":"LTA DataMall"}},{"type":"Feature","geometry":{"type":"Point","coordinates":[103.749974,1.349561]},"properties":{"id":"mrt-bukit-batok-exit-a-103.749974-1.349561","name":"Bukit Batok · Exit A","category":"exit","stationId":"mrt-bukit-batok","exit":"Exit A","codes":"NS2","source":"LTA DataMall"}},{"type":"Feature","geometry":{"type":"Point","coordinates":[103.751727,1.359065]},"properties":{"id":"mrt-bukit-gombak-exit-c-103.751727-1.359065","name":"Bukit Gombak · Exit C","category":"exit","stationId":"mrt-bukit-gombak","exit":"Exit C","codes":"NS3","source":"LTA DataMall"}},{"type":"Feature","geometry":{"type":"Point","coordinates":[103.752076,1.35907]},"properties":{"id":"mrt-bukit-gombak-exit-a-103.752076-1.359070","name":"Bukit Gombak · Exit A","category":"exit","stationId":"mrt-bukit-gombak","exit":"Exit A","codes":"NS3","source":"LTA DataMall"}},{"type":"Feature","geometry":{"type":"Point","coordinates":[103.751951,1.359298]},"properties":{"id":"mrt-bukit-gombak-exit-d-103.751951-1.359298","name":"Bukit Gombak · Exit D","category":"exit","stationId":"mrt-bukit-gombak","exit":"Exit D","codes":"NS3","source":"LTA DataMall"}},{"type":"Feature","geometry":{"type":"Point","coordinates":[103.706146,1.338421]},"properties":{"id":"mrt-boon-lay-exit-b-103.706146-1.338421","name":"Boon Lay · Exit B","category":"exit","stationId":"mrt-boon-lay","exit":"Exit B","codes":"EW27","source":"LTA DataMall"}},{"type":"Feature","geometry":{"type":"Point","coordinates":[103.705955,1.338738]},"properties":{"id":"mrt-boon-lay-exit-c-103.705955-1.338738","name":"Boon Lay · Exit C","category":"exit","stationId":"mrt-boon-lay","exit":"Exit C","codes":"EW27","source":"LTA DataMall"}},{"type":"Feature","geometry":{"type":"Point","coordinates":[103.705409,1.33828]},"properties":{"id":"mrt-boon-lay-exit-a-103.705409-1.338280","name":"Boon Lay · Exit A","category":"exit","stationId":"mrt-boon-lay","exit":"Exit A","codes":"EW27","source":"LTA DataMall"}},{"type":"Feature","geometry":{"type":"Point","coordinates":[103.721713,1.344304]},"properties":{"id":"mrt-lakeside-exit-c-103.721713-1.344304","name":"Lakeside · Exit C","category":"exit","stationId":"mrt-lakeside","exit":"Exit C","codes":"EW26","source":"LTA DataMall"}},{"type":"Feature","geometry":{"type":"Point","coordinates":[103.721075,1.344081]},"properties":{"id":"mrt-lakeside-exit-b-103.721075-1.344081","name":"Lakeside · Exit B","category":"exit","stationId":"mrt-lakeside","exit":"Exit B","codes":"EW26","source":"LTA DataMall"}},{"type":"Feature","geometry":{"type":"Point","coordinates":[103.761755,1.425126]},"properties":{"id":"mrt-kranji-exit-c-103.761755-1.425126","name":"Kranji · Exit C","category":"exit","stationId":"mrt-kranji","exit":"Exit C","codes":"NS7","source":"LTA DataMall"}},{"type":"Feature","geometry":{"type":"Point","coordinates":[103.82251,1.265085]},"properties":{"id":"mrt-harbourfront-exit-a-103.822510-1.265085","name":"HarbourFront · Exit A","category":"exit","stationId":"mrt-harbourfront","exit":"Exit A","codes":"NE1-CC29","source":"LTA DataMall"}},{"type":"Feature","geometry":{"type":"Point","coordinates":[103.945723,1.327061]},"properties":{"id":"mrt-tanah-merah-exit-b-103.945723-1.327061","name":"Tanah Merah · Exit B","category":"exit","stationId":"mrt-tanah-merah","exit":"Exit B","codes":"EW4","source":"LTA DataMall"}},{"type":"Feature","geometry":{"type":"Point","coordinates":[103.945795,1.326858]},"properties":{"id":"mrt-tanah-merah-exit-a-103.945795-1.326858","name":"Tanah Merah · Exit A","category":"exit","stationId":"mrt-tanah-merah","exit":"Exit A","codes":"EW4","source":"LTA DataMall"}},{"type":"Feature","geometry":{"type":"Point","coordinates":[103.764982,1.315374]},"properties":{"id":"mrt-clementi-exit-a-103.764982-1.315374","name":"Clementi · Exit A","category":"exit","stationId":"mrt-clementi","exit":"Exit A","codes":"EW23","source":"LTA DataMall"}},{"type":"Feature","geometry":{"type":"Point","coordinates":[103.765186,1.315469]},"properties":{"id":"mrt-clementi-exit-b-103.765186-1.315469","name":"Clementi · Exit B","category":"exit","stationId":"mrt-clementi","exit":"Exit B","codes":"EW23","source":"LTA DataMall"}},{"type":"Feature","geometry":{"type":"Point","coordinates":[103.790449,1.307309]},"properties":{"id":"mrt-buona-vista-exit-a-103.790449-1.307309","name":"Buona Vista · Exit A","category":"exit","stationId":"mrt-buona-vista","exit":"Exit A","codes":"EW21-CC22","source":"LTA DataMall"}},{"type":"Feature","geometry":{"type":"Point","coordinates":[103.790657,1.307197]},"properties":{"id":"mrt-buona-vista-exit-b-103.790657-1.307197","name":"Buona Vista · Exit B","category":"exit","stationId":"mrt-buona-vista","exit":"Exit B","codes":"EW21-CC22","source":"LTA DataMall"}},{"type":"Feature","geometry":{"type":"Point","coordinates":[103.790599,1.306913]},"properties":{"id":"mrt-buona-vista-exit-c-103.790599-1.306913","name":"Buona Vista · Exit C","category":"exit","stationId":"mrt-buona-vista","exit":"Exit C","codes":"EW21-CC22","source":"LTA DataMall"}},{"type":"Feature","geometry":{"type":"Point","coordinates":[103.806311,1.29433]},"properties":{"id":"mrt-queenstown-exit-b-103.806311-1.294330","name":"Queenstown · Exit B","category":"exit","stationId":"mrt-queenstown","exit":"Exit B","codes":"EW19","source":"LTA DataMall"}},{"type":"Feature","geometry":{"type":"Point","coordinates":[103.761941,1.424853]},"properties":{"id":"mrt-kranji-exit-b-103.761941-1.424853","name":"Kranji · Exit B","category":"exit","stationId":"mrt-kranji","exit":"Exit B","codes":"NS7","source":"LTA DataMall"}},{"type":"Feature","geometry":{"type":"Point","coordinates":[103.762019,1.424739]},"properties":{"id":"mrt-kranji-exit-a-103.762019-1.424739","name":"Kranji · Exit A","category":"exit","stationId":"mrt-kranji","exit":"Exit A","codes":"NS7","source":"LTA DataMall"}},{"type":"Feature","geometry":{"type":"Point","coordinates":[103.77382,1.43247]},"properties":{"id":"mrt-marsiling-exit-c-103.773820-1.432470","name":"Marsiling · Exit C","category":"exit","stationId":"mrt-marsiling","exit":"Exit C","codes":"NS8","source":"LTA DataMall"}},{"type":"Feature","geometry":{"type":"Point","coordinates":[103.77421,1.432802]},"properties":{"id":"mrt-marsiling-exit-a-103.774210-1.432802","name":"Marsiling · Exit A","category":"exit","stationId":"mrt-marsiling","exit":"Exit A","codes":"NS8","source":"LTA DataMall"}},{"type":"Feature","geometry":{"type":"Point","coordinates":[103.892788,1.318216]},"properties":{"id":"mrt-paya-lebar-exit-a-103.892788-1.318216","name":"Paya Lebar · Exit A","category":"exit","stationId":"mrt-paya-lebar","exit":"Exit A","codes":"EW8-CC9","source":"LTA DataMall"}},{"type":"Feature","geometry":{"type":"Point","coordinates":[103.892217,1.318347]},"properties":{"id":"mrt-paya-lebar-exit-b-103.892217-1.318347","name":"Paya Lebar · Exit B","category":"exit","stationId":"mrt-paya-lebar","exit":"Exit B","codes":"EW8-CC9","source":"LTA DataMall"}},{"type":"Feature","geometry":{"type":"Point","coordinates":[103.844646,1.381954]},"properties":{"id":"mrt-yio-chu-kang-exit-c-103.844646-1.381954","name":"Yio Chu Kang · Exit C","category":"exit","stationId":"mrt-yio-chu-kang","exit":"Exit C","codes":"NS15","source":"LTA DataMall"}},{"type":"Feature","geometry":{"type":"Point","coordinates":[103.844834,1.381644]},"properties":{"id":"mrt-yio-chu-kang-exit-a-103.844834-1.381644","name":"Yio Chu Kang · Exit A","category":"exit","stationId":"mrt-yio-chu-kang","exit":"Exit A","codes":"NS15","source":"LTA DataMall"}},{"type":"Feature","geometry":{"type":"Point","coordinates":[103.844947,1.381548]},"properties":{"id":"mrt-yio-chu-kang-exit-b-103.844947-1.381548","name":"Yio Chu Kang · Exit B","category":"exit","stationId":"mrt-yio-chu-kang","exit":"Exit B","codes":"NS15","source":"LTA DataMall"}},{"type":"Feature","geometry":{"type":"Point","coordinates":[103.800542,1.440596]},"properties":{"id":"mrt-admiralty-exit-c-103.800542-1.440596","name":"Admiralty · Exit C","category":"exit","stationId":"mrt-admiralty","exit":"Exit C","codes":"NS10","source":"LTA DataMall"}},{"type":"Feature","geometry":{"type":"Point","coordinates":[103.80099,1.440346]},"properties":{"id":"mrt-admiralty-exit-a-103.800990-1.440346","name":"Admiralty · Exit A","category":"exit","stationId":"mrt-admiralty","exit":"Exit A","codes":"NS10","source":"LTA DataMall"}},{"type":"Feature","geometry":{"type":"Point","coordinates":[103.82011,1.448837]},"properties":{"id":"mrt-sembawang-exit-a-103.820110-1.448837","name":"Sembawang · Exit A","category":"exit","stationId":"mrt-sembawang","exit":"Exit A","codes":"NS11","source":"LTA DataMall"}},{"type":"Feature","geometry":{"type":"Point","coordinates":[103.81979,1.448768]},"properties":{"id":"mrt-sembawang-exit-b-103.819790-1.448768","name":"Sembawang · Exit B","category":"exit","stationId":"mrt-sembawang","exit":"Exit B","codes":"NS11","source":"LTA DataMall"}},{"type":"Feature","geometry":{"type":"Point","coordinates":[103.834784,1.429397]},"properties":{"id":"mrt-yishun-exit-a-103.834784-1.429397","name":"Yishun · Exit A","category":"exit","stationId":"mrt-yishun","exit":"Exit A","codes":"NS13","source":"LTA DataMall"}},{"type":"Feature","geometry":{"type":"Point","coordinates":[103.834863,1.429107]},"properties":{"id":"mrt-yishun-exit-d-103.834863-1.429107","name":"Yishun · Exit D","category":"exit","stationId":"mrt-yishun","exit":"Exit D","codes":"NS13","source":"LTA DataMall"}},{"type":"Feature","geometry":{"type":"Point","coordinates":[103.832887,1.417545]},"properties":{"id":"mrt-khatib-exit-c-103.832887-1.417545","name":"Khatib · Exit C","category":"exit","stationId":"mrt-khatib","exit":"Exit C","codes":"NS14","source":"LTA DataMall"}},{"type":"Feature","geometry":{"type":"Point","coordinates":[103.832922,1.417058]},"properties":{"id":"mrt-khatib-exit-a-103.832922-1.417058","name":"Khatib · Exit A","category":"exit","stationId":"mrt-khatib","exit":"Exit A","codes":"NS14","source":"LTA DataMall"}},{"type":"Feature","geometry":{"type":"Point","coordinates":[103.832707,1.417143]},"properties":{"id":"mrt-khatib-exit-b-103.832707-1.417143","name":"Khatib · Exit B","category":"exit","stationId":"mrt-khatib","exit":"Exit B","codes":"NS14","source":"LTA DataMall"}},{"type":"Feature","geometry":{"type":"Point","coordinates":[103.820402,1.448927]},"properties":{"id":"mrt-sembawang-exit-d-103.820402-1.448927","name":"Sembawang · Exit D","category":"exit","stationId":"mrt-sembawang","exit":"Exit D","codes":"NS11","source":"LTA DataMall"}},{"type":"Feature","geometry":{"type":"Point","coordinates":[103.949137,1.372886]},"properties":{"id":"mrt-pasir-ris-exit-b-103.949137-1.372886","name":"Pasir Ris · Exit B","category":"exit","stationId":"mrt-pasir-ris","exit":"Exit B","codes":"EW1","source":"LTA DataMall"}},{"type":"Feature","geometry":{"type":"Point","coordinates":[103.949333,1.372842]},"properties":{"id":"mrt-pasir-ris-exit-a-103.949333-1.372842","name":"Pasir Ris · Exit A","category":"exit","stationId":"mrt-pasir-ris","exit":"Exit A","codes":"EW1","source":"LTA DataMall"}},{"type":"Feature","geometry":{"type":"Point","coordinates":[103.944766,1.353764]},"properties":{"id":"mrt-tampines-exit-a-103.944766-1.353764","name":"Tampines · Exit A","category":"exit","stationId":"mrt-tampines","exit":"Exit A","codes":"EW2-DT32","source":"LTA DataMall"}},{"type":"Feature","geometry":{"type":"Point","coordinates":[103.944904,1.353398]},"properties":{"id":"mrt-tampines-exit-c-103.944904-1.353398","name":"Tampines · Exit C","category":"exit","stationId":"mrt-tampines","exit":"Exit C","codes":"EW2-DT32","source":"LTA DataMall"}},{"type":"Feature","geometry":{"type":"Point","coordinates":[103.744518,1.385736]},"properties":{"id":"mrt-choa-chu-kang-exit-c-103.744518-1.385736","name":"Choa Chu Kang · Exit C","category":"exit","stationId":"mrt-choa-chu-kang","exit":"Exit C","codes":"NS4","source":"LTA DataMall"}},{"type":"Feature","geometry":{"type":"Point","coordinates":[103.744557,1.385431]},"properties":{"id":"mrt-choa-chu-kang-exit-a-103.744557-1.385431","name":"Choa Chu Kang · Exit A","category":"exit","stationId":"mrt-choa-chu-kang","exit":"Exit A","codes":"NS4","source":"LTA DataMall"}},{"type":"Feature","geometry":{"type":"Point","coordinates":[103.832771,1.304161]},"properties":{"id":"mrt-orchard-exit-3-103.832771-1.304161","name":"Orchard · Exit 3","category":"exit","stationId":"mrt-orchard","exit":"Exit 3","codes":"NS22-TE14","source":"LTA DataMall"}},{"type":"Feature","geometry":{"type":"Point","coordinates":[103.832172,1.303168]},"properties":{"id":"mrt-orchard-exit-7-103.832172-1.303168","name":"Orchard · Exit 7","category":"exit","stationId":"mrt-orchard","exit":"Exit 7","codes":"NS22-TE14","source":"LTA DataMall"}},{"type":"Feature","geometry":{"type":"Point","coordinates":[103.838459,1.300767]},"properties":{"id":"mrt-somerset-exit-b-103.838459-1.300767","name":"Somerset · Exit B","category":"exit","stationId":"mrt-somerset","exit":"Exit B","codes":"NS23","source":"LTA DataMall"}},{"type":"Feature","geometry":{"type":"Point","coordinates":[103.846788,1.298445]},"properties":{"id":"mrt-dhoby-ghaut-exit-a-103.846788-1.298445","name":"Dhoby Ghaut · Exit A","category":"exit","stationId":"mrt-dhoby-ghaut","exit":"Exit A","codes":"NS24-NE6-CC1","source":"LTA DataMall"}},{"type":"Feature","geometry":{"type":"Point","coordinates":[103.84523,1.299056]},"properties":{"id":"mrt-dhoby-ghaut-exit-b-103.845230-1.299056","name":"Dhoby Ghaut · Exit B","category":"exit","stationId":"mrt-dhoby-ghaut","exit":"Exit B","codes":"NS24-NE6-CC1","source":"LTA DataMall"}},{"type":"Feature","geometry":{"type":"Point","coordinates":[103.845372,1.299748]},"properties":{"id":"mrt-dhoby-ghaut-exit-e-103.845372-1.299748","name":"Dhoby Ghaut · Exit E","category":"exit","stationId":"mrt-dhoby-ghaut","exit":"Exit E","codes":"NS24-NE6-CC1","source":"LTA DataMall"}},{"type":"Feature","geometry":{"type":"Point","coordinates":[103.845842,1.299635]},"properties":{"id":"mrt-dhoby-ghaut-exit-f-103.845842-1.299635","name":"Dhoby Ghaut · Exit F","category":"exit","stationId":"mrt-dhoby-ghaut","exit":"Exit F","codes":"NS24-NE6-CC1","source":"LTA DataMall"}},{"type":"Feature","geometry":{"type":"Point","coordinates":[103.855686,1.300007]},"properties":{"id":"mrt-bugis-exit-c-103.855686-1.300007","name":"Bugis · Exit C","category":"exit","stationId":"mrt-bugis","exit":"Exit C","codes":"EW12-DT14","source":"LTA DataMall"}},{"type":"Feature","geometry":{"type":"Point","coordinates":[103.85302,1.293227]},"properties":{"id":"mrt-city-hall-exit-a-103.853020-1.293227","name":"City Hall · Exit A","category":"exit","stationId":"mrt-city-hall","exit":"Exit A","codes":"NS25-EW13","source":"LTA DataMall"}},{"type":"Feature","geometry":{"type":"Point","coordinates":[103.85196,1.2931]},"properties":{"id":"mrt-city-hall-exit-b-103.851960-1.293100","name":"City Hall · Exit B","category":"exit","stationId":"mrt-city-hall","exit":"Exit B","codes":"NS25-EW13","source":"LTA DataMall"}},{"type":"Feature","geometry":{"type":"Point","coordinates":[103.856337,1.300782]},"properties":{"id":"mrt-bugis-exit-b-103.856337-1.300782","name":"Bugis · Exit B","category":"exit","stationId":"mrt-bugis","exit":"Exit B","codes":"EW12-DT14","source":"LTA DataMall"}},{"type":"Feature","geometry":{"type":"Point","coordinates":[103.855924,1.301204]},"properties":{"id":"mrt-bugis-exit-a-103.855924-1.301204","name":"Bugis · Exit A","category":"exit","stationId":"mrt-bugis","exit":"Exit A","codes":"EW12-DT14","source":"LTA DataMall"}},{"type":"Feature","geometry":{"type":"Point","coordinates":[103.838658,1.281602]},"properties":{"id":"mrt-outram-park-exit-1-103.838658-1.281602","name":"Outram Park · Exit 1","category":"exit","stationId":"mrt-outram-park","exit":"Exit 1","codes":"EW16-NE3-TE17","source":"LTA DataMall"}},{"type":"Feature","geometry":{"type":"Point","coordinates":[103.838935,1.281675]},"properties":{"id":"mrt-outram-park-exit-2-103.838935-1.281675","name":"Outram Park · Exit 2","category":"exit","stationId":"mrt-outram-park","exit":"Exit 2","codes":"EW16-NE3-TE17","source":"LTA DataMall"}},{"type":"Feature","geometry":{"type":"Point","coordinates":[103.846545,1.276672]},"properties":{"id":"mrt-tanjong-pagar-exit-b-103.846545-1.276672","name":"Tanjong Pagar · Exit B","category":"exit","stationId":"mrt-tanjong-pagar","exit":"Exit B","codes":"EW15","source":"LTA DataMall"}},{"type":"Feature","geometry":{"type":"Point","coordinates":[103.844834,1.276409]},"properties":{"id":"mrt-tanjong-pagar-exit-a-103.844834-1.276409","name":"Tanjong Pagar · Exit A","category":"exit","stationId":"mrt-tanjong-pagar","exit":"Exit A","codes":"EW15","source":"LTA DataMall"}},{"type":"Feature","geometry":{"type":"Point","coordinates":[103.846534,1.276089]},"properties":{"id":"mrt-tanjong-pagar-exit-c-103.846534-1.276089","name":"Tanjong Pagar · Exit C","category":"exit","stationId":"mrt-tanjong-pagar","exit":"Exit C","codes":"EW15","source":"LTA DataMall"}},{"type":"Feature","geometry":{"type":"Point","coordinates":[103.846909,1.276065]},"properties":{"id":"mrt-tanjong-pagar-exit-d-103.846909-1.276065","name":"Tanjong Pagar · Exit D","category":"exit","stationId":"mrt-tanjong-pagar","exit":"Exit D","codes":"EW15","source":"LTA DataMall"}},{"type":"Feature","geometry":{"type":"Point","coordinates":[103.851622,1.285258]},"properties":{"id":"mrt-raffles-place-exit-h-103.851622-1.285258","name":"Raffles Place · Exit H","category":"exit","stationId":"mrt-raffles-place","exit":"Exit H","codes":"NS26-EW14","source":"LTA DataMall"}},{"type":"Feature","geometry":{"type":"Point","coordinates":[103.851523,1.283212]},"properties":{"id":"mrt-raffles-place-exit-e-103.851523-1.283212","name":"Raffles Place · Exit E","category":"exit","stationId":"mrt-raffles-place","exit":"Exit E","codes":"NS26-EW14","source":"LTA DataMall"}},{"type":"Feature","geometry":{"type":"Point","coordinates":[103.85148,1.284607]},"properties":{"id":"mrt-raffles-place-exit-b-103.851480-1.284607","name":"Raffles Place · Exit B","category":"exit","stationId":"mrt-raffles-place","exit":"Exit B","codes":"NS26-EW14","source":"LTA DataMall"}},{"type":"Feature","geometry":{"type":"Point","coordinates":[103.851478,1.285017]},"properties":{"id":"mrt-raffles-place-exit-g-103.851478-1.285017","name":"Raffles Place · Exit G","category":"exit","stationId":"mrt-raffles-place","exit":"Exit G","codes":"NS26-EW14","source":"LTA DataMall"}},{"type":"Feature","geometry":{"type":"Point","coordinates":[103.851438,1.284125]},"properties":{"id":"mrt-raffles-place-exit-a-103.851438-1.284125","name":"Raffles Place · Exit A","category":"exit","stationId":"mrt-raffles-place","exit":"Exit A","codes":"NS26-EW14","source":"LTA DataMall"}},{"type":"Feature","geometry":{"type":"Point","coordinates":[103.851353,1.283641]},"properties":{"id":"mrt-raffles-place-exit-d-103.851353-1.283641","name":"Raffles Place · Exit D","category":"exit","stationId":"mrt-raffles-place","exit":"Exit D","codes":"NS26-EW14","source":"LTA DataMall"}},{"type":"Feature","geometry":{"type":"Point","coordinates":[103.84503,1.299931]},"properties":{"id":"mrt-dhoby-ghaut-exit-d-103.845030-1.299931","name":"Dhoby Ghaut · Exit D","category":"exit","stationId":"mrt-dhoby-ghaut","exit":"Exit D","codes":"NS24-NE6-CC1","source":"LTA DataMall"}},{"type":"Feature","geometry":{"type":"Point","coordinates":[103.840387,1.280213]},"properties":{"id":"mrt-outram-park-exit-4-103.840387-1.280213","name":"Outram Park · Exit 4","category":"exit","stationId":"mrt-outram-park","exit":"Exit 4","codes":"EW16-NE3-TE17","source":"LTA DataMall"}},{"type":"Feature","geometry":{"type":"Point","coordinates":[103.839549,1.278947]},"properties":{"id":"mrt-outram-park-exit-5-103.839549-1.278947","name":"Outram Park · Exit 5","category":"exit","stationId":"mrt-outram-park","exit":"Exit 5","codes":"EW16-NE3-TE17","source":"LTA DataMall"}},{"type":"Feature","geometry":{"type":"Point","coordinates":[103.838537,1.279051]},"properties":{"id":"mrt-outram-park-exit-6-103.838537-1.279051","name":"Outram Park · Exit 6","category":"exit","stationId":"mrt-outram-park","exit":"Exit 6","codes":"EW16-NE3-TE17","source":"LTA DataMall"}},{"type":"Feature","geometry":{"type":"Point","coordinates":[103.846666,1.289384]},"properties":{"id":"mrt-clarke-quay-exit-c-103.846666-1.289384","name":"Clarke Quay · Exit C","category":"exit","stationId":"mrt-clarke-quay","exit":"Exit C","codes":"NE5","source":"LTA DataMall"}},{"type":"Feature","geometry":{"type":"Point","coordinates":[103.84713,1.289406]},"properties":{"id":"mrt-clarke-quay-exit-f-103.847130-1.289406","name":"Clarke Quay · Exit F","category":"exit","stationId":"mrt-clarke-quay","exit":"Exit F","codes":"NE5","source":"LTA DataMall"}},{"type":"Feature","geometry":{"type":"Point","coordinates":[103.846065,1.286899]},"properties":{"id":"mrt-clarke-quay-exit-a-103.846065-1.286899","name":"Clarke Quay · Exit A","category":"exit","stationId":"mrt-clarke-quay","exit":"Exit A","codes":"NE5","source":"LTA DataMall"}},{"type":"Feature","geometry":{"type":"Point","coordinates":[103.847033,1.289]},"properties":{"id":"mrt-clarke-quay-exit-e-103.847033-1.289000","name":"Clarke Quay · Exit E","category":"exit","stationId":"mrt-clarke-quay","exit":"Exit E","codes":"NE5","source":"LTA DataMall"}},{"type":"Feature","geometry":{"type":"Point","coordinates":[103.842813,1.284675]},"properties":{"id":"mrt-chinatown-exit-c-103.842813-1.284675","name":"Chinatown · Exit C","category":"exit","stationId":"mrt-chinatown","exit":"Exit C","codes":"NE4-DT19","source":"LTA DataMall"}},{"type":"Feature","geometry":{"type":"Point","coordinates":[103.844428,1.285044]},"properties":{"id":"mrt-chinatown-exit-e-103.844428-1.285044","name":"Chinatown · Exit E","category":"exit","stationId":"mrt-chinatown","exit":"Exit E","codes":"NE4-DT19","source":"LTA DataMall"}},{"type":"Feature","geometry":{"type":"Point","coordinates":[103.806183,1.294247]},"properties":{"id":"mrt-queenstown-exit-a-103.806183-1.294247","name":"Queenstown · Exit A","category":"exit","stationId":"mrt-queenstown","exit":"Exit A","codes":"EW19","source":"LTA DataMall"}},{"type":"Feature","geometry":{"type":"Point","coordinates":[103.816994,1.289371]},"properties":{"id":"mrt-redhill-exit-a-103.816994-1.289371","name":"Redhill · Exit A","category":"exit","stationId":"mrt-redhill","exit":"Exit A","codes":"EW18","source":"LTA DataMall"}},{"type":"Feature","geometry":{"type":"Point","coordinates":[103.817249,1.289486]},"properties":{"id":"mrt-redhill-exit-b-103.817249-1.289486","name":"Redhill · Exit B","category":"exit","stationId":"mrt-redhill","exit":"Exit B","codes":"EW18","source":"LTA DataMall"}},{"type":"Feature","geometry":{"type":"Point","coordinates":[103.798058,1.302753]},"properties":{"id":"mrt-commonwealth-exit-b-103.798058-1.302753","name":"Commonwealth · Exit B","category":"exit","stationId":"mrt-commonwealth","exit":"Exit B","codes":"EW20","source":"LTA DataMall"}},{"type":"Feature","geometry":{"type":"Point","coordinates":[103.797958,1.302648]},"properties":{"id":"mrt-commonwealth-exit-a-103.797958-1.302648","name":"Commonwealth · Exit A","category":"exit","stationId":"mrt-commonwealth","exit":"Exit A","codes":"EW20","source":"LTA DataMall"}},{"type":"Feature","geometry":{"type":"Point","coordinates":[103.826991,1.285759]},"properties":{"id":"mrt-tiong-bahru-exit-a-103.826991-1.285759","name":"Tiong Bahru · Exit A","category":"exit","stationId":"mrt-tiong-bahru","exit":"Exit A","codes":"EW17","source":"LTA DataMall"}},{"type":"Feature","geometry":{"type":"Point","coordinates":[103.827496,1.286362]},"properties":{"id":"mrt-tiong-bahru-exit-b-103.827496-1.286362","name":"Tiong Bahru · Exit B","category":"exit","stationId":"mrt-tiong-bahru","exit":"Exit B","codes":"EW17","source":"LTA DataMall"}},{"type":"Feature","geometry":{"type":"Point","coordinates":[103.822532,1.26526]},"properties":{"id":"mrt-harbourfront-exit-c-103.822532-1.265260","name":"HarbourFront · Exit C","category":"exit","stationId":"mrt-harbourfront","exit":"Exit C","codes":"NE1-CC29","source":"LTA DataMall"}},{"type":"Feature","geometry":{"type":"Point","coordinates":[103.820509,1.265155]},"properties":{"id":"mrt-harbourfront-exit-b-103.820509-1.265155","name":"HarbourFront · Exit B","category":"exit","stationId":"mrt-harbourfront","exit":"Exit B","codes":"NE1-CC29","source":"LTA DataMall"}},{"type":"Feature","geometry":{"type":"Point","coordinates":[103.83204,1.30456]},"properties":{"id":"mrt-orchard-exit-4-103.832040-1.304560","name":"Orchard · Exit 4","category":"exit","stationId":"mrt-orchard","exit":"Exit 4","codes":"NS22-TE14","source":"LTA DataMall"}},{"type":"Feature","geometry":{"type":"Point","coordinates":[103.832524,1.304892]},"properties":{"id":"mrt-orchard-exit-1-103.832524-1.304892","name":"Orchard · Exit 1","category":"exit","stationId":"mrt-orchard","exit":"Exit 1","codes":"NS22-TE14","source":"LTA DataMall"}},{"type":"Feature","geometry":{"type":"Point","coordinates":[103.837881,1.312598]},"properties":{"id":"mrt-newton-exit-a-103.837881-1.312598","name":"Newton · Exit A","category":"exit","stationId":"mrt-newton","exit":"Exit A","codes":"NS21-DT11","source":"LTA DataMall"}},{"type":"Feature","geometry":{"type":"Point","coordinates":[103.838219,1.312075]},"properties":{"id":"mrt-newton-exit-b-103.838219-1.312075","name":"Newton · Exit B","category":"exit","stationId":"mrt-newton","exit":"Exit B","codes":"NS21-DT11","source":"LTA DataMall"}},{"type":"Feature","geometry":{"type":"Point","coordinates":[103.83262,1.304354]},"properties":{"id":"mrt-orchard-exit-2-103.832620-1.304354","name":"Orchard · Exit 2","category":"exit","stationId":"mrt-orchard","exit":"Exit 2","codes":"NS22-TE14","source":"LTA DataMall"}},{"type":"Feature","geometry":{"type":"Point","coordinates":[103.863043,1.307169]},"properties":{"id":"mrt-lavender-exit-a-103.863043-1.307169","name":"Lavender · Exit A","category":"exit","stationId":"mrt-lavender","exit":"Exit A","codes":"EW11","source":"LTA DataMall"}},{"type":"Feature","geometry":{"type":"Point","coordinates":[103.86265,1.307619]},"properties":{"id":"mrt-lavender-exit-b-103.862650-1.307619","name":"Lavender · Exit B","category":"exit","stationId":"mrt-lavender","exit":"Exit B","codes":"EW11","source":"LTA DataMall"}},{"type":"Feature","geometry":{"type":"Point","coordinates":[103.871587,1.311782]},"properties":{"id":"mrt-kallang-exit-b-103.871587-1.311782","name":"Kallang · Exit B","category":"exit","stationId":"mrt-kallang","exit":"Exit B","codes":"EW10","source":"LTA DataMall"}},{"type":"Feature","geometry":{"type":"Point","coordinates":[103.871731,1.31154]},"properties":{"id":"mrt-kallang-exit-a-103.871731-1.311540","name":"Kallang · Exit A","category":"exit","stationId":"mrt-kallang","exit":"Exit A","codes":"EW10","source":"LTA DataMall"}},{"type":"Feature","geometry":{"type":"Point","coordinates":[103.882473,1.316488]},"properties":{"id":"mrt-aljunied-exit-b-103.882473-1.316488","name":"Aljunied · Exit B","category":"exit","stationId":"mrt-aljunied","exit":"Exit B","codes":"EW9","source":"LTA DataMall"}},{"type":"Feature","geometry":{"type":"Point","coordinates":[103.882497,1.316238]},"properties":{"id":"mrt-aljunied-exit-a-103.882497-1.316238","name":"Aljunied · Exit A","category":"exit","stationId":"mrt-aljunied","exit":"Exit A","codes":"EW9","source":"LTA DataMall"}},{"type":"Feature","geometry":{"type":"Point","coordinates":[103.848985,1.306564]},"properties":{"id":"mrt-little-india-exit-b-103.848985-1.306564","name":"Little India · Exit B","category":"exit","stationId":"mrt-little-india","exit":"Exit B","codes":"NE7-DT12","source":"LTA DataMall"}},{"type":"Feature","geometry":{"type":"Point","coordinates":[103.854764,1.313544]},"properties":{"id":"mrt-farrer-park-exit-b-103.854764-1.313544","name":"Farrer Park · Exit B","category":"exit","stationId":"mrt-farrer-park","exit":"Exit B","codes":"NE8","source":"LTA DataMall"}},{"type":"Feature","geometry":{"type":"Point","coordinates":[103.852651,1.311884]},"properties":{"id":"mrt-farrer-park-exit-e-103.852651-1.311884","name":"Farrer Park · Exit E","category":"exit","stationId":"mrt-farrer-park","exit":"Exit E","codes":"NE8","source":"LTA DataMall"}},{"type":"Feature","geometry":{"type":"Point","coordinates":[103.853199,1.311422]},"properties":{"id":"mrt-farrer-park-exit-f-103.853199-1.311422","name":"Farrer Park · Exit F","category":"exit","stationId":"mrt-farrer-park","exit":"Exit F","codes":"NE8","source":"LTA DataMall"}},{"type":"Feature","geometry":{"type":"Point","coordinates":[103.860674,1.291712]},"properties":{"id":"mrt-promenade-exit-a-103.860674-1.291712","name":"Promenade · Exit A","category":"exit","stationId":"mrt-promenade","exit":"Exit A","codes":"CC4-DT15","source":"LTA DataMall"}},{"type":"Feature","geometry":{"type":"Point","coordinates":[103.847724,1.332376]},"properties":{"id":"mrt-toa-payoh-exit-a-103.847724-1.332376","name":"Toa Payoh · Exit A","category":"exit","stationId":"mrt-toa-payoh","exit":"Exit A","codes":"NS19","source":"LTA DataMall"}},{"type":"Feature","geometry":{"type":"Point","coordinates":[103.720449,1.343983]},"properties":{"id":"mrt-lakeside-exit-a-103.720449-1.343983","name":"Lakeside · Exit A","category":"exit","stationId":"mrt-lakeside","exit":"Exit A","codes":"EW26","source":"LTA DataMall"}},{"type":"Feature","geometry":{"type":"Point","coordinates":[103.733393,1.341566]},"properties":{"id":"mrt-chinese-garden-exit-c-103.733393-1.341566","name":"Chinese Garden · Exit C","category":"exit","stationId":"mrt-chinese-garden","exit":"Exit C","codes":"EW25","source":"LTA DataMall"}},{"type":"Feature","geometry":{"type":"Point","coordinates":[103.732742,1.341982]},"properties":{"id":"mrt-chinese-garden-exit-b-103.732742-1.341982","name":"Chinese Garden · Exit B","category":"exit","stationId":"mrt-chinese-garden","exit":"Exit B","codes":"EW25","source":"LTA DataMall"}},{"type":"Feature","geometry":{"type":"Point","coordinates":[103.73222,1.342439]},"properties":{"id":"mrt-chinese-garden-exit-a-103.732220-1.342439","name":"Chinese Garden · Exit A","category":"exit","stationId":"mrt-chinese-garden","exit":"Exit A","codes":"EW25","source":"LTA DataMall"}},{"type":"Feature","geometry":{"type":"Point","coordinates":[103.742762,1.332749]},"properties":{"id":"mrt-jurong-east-exit-c-103.742762-1.332749","name":"Jurong East · Exit C","category":"exit","stationId":"mrt-jurong-east","exit":"Exit C","codes":"NS1-EW24","source":"LTA DataMall"}},{"type":"Feature","geometry":{"type":"Point","coordinates":[103.74176,1.33399]},"properties":{"id":"mrt-jurong-east-exit-a-103.741760-1.333990","name":"Jurong East · Exit A","category":"exit","stationId":"mrt-jurong-east","exit":"Exit A","codes":"NS1-EW24","source":"LTA DataMall"}},{"type":"Feature","geometry":{"type":"Point","coordinates":[103.74264,1.332526]},"properties":{"id":"mrt-jurong-east-exit-b-103.742640-1.332526","name":"Jurong East · Exit B","category":"exit","stationId":"mrt-jurong-east","exit":"Exit B","codes":"NS1-EW24","source":"LTA DataMall"}},{"type":"Feature","geometry":{"type":"Point","coordinates":[103.74733,1.398068]},"properties":{"id":"mrt-yew-tee-exit-b-103.747330-1.398068","name":"Yew Tee · Exit B","category":"exit","stationId":"mrt-yew-tee","exit":"Exit B","codes":"NS5","source":"LTA DataMall"}},{"type":"Feature","geometry":{"type":"Point","coordinates":[103.747195,1.397655]},"properties":{"id":"mrt-yew-tee-exit-a-103.747195-1.397655","name":"Yew Tee · Exit A","category":"exit","stationId":"mrt-yew-tee","exit":"Exit A","codes":"NS5","source":"LTA DataMall"}},{"type":"Feature","geometry":{"type":"Point","coordinates":[103.747432,1.397001]},"properties":{"id":"mrt-yew-tee-exit-c-103.747432-1.397001","name":"Yew Tee · Exit C","category":"exit","stationId":"mrt-yew-tee","exit":"Exit C","codes":"NS5","source":"LTA DataMall"}},{"type":"Feature","geometry":{"type":"Point","coordinates":[103.747111,1.397273]},"properties":{"id":"mrt-yew-tee-exit-d-103.747111-1.397273","name":"Yew Tee · Exit D","category":"exit","stationId":"mrt-yew-tee","exit":"Exit D","codes":"NS5","source":"LTA DataMall"}},{"type":"Feature","geometry":{"type":"Point","coordinates":[103.752093,1.358695]},"properties":{"id":"mrt-bukit-gombak-exit-b-103.752093-1.358695","name":"Bukit Gombak · Exit B","category":"exit","stationId":"mrt-bukit-gombak","exit":"Exit B","codes":"NS3","source":"LTA DataMall"}},{"type":"Feature","geometry":{"type":"Point","coordinates":[103.759598,1.380745]},"properties":{"id":"mrt-bukit-panjang-exit-a-103.759598-1.380745","name":"Bukit Panjang · Exit A","category":"exit","stationId":"mrt-bukit-panjang","exit":"Exit A","codes":"DT1","source":"LTA DataMall"}},{"type":"Feature","geometry":{"type":"Point","coordinates":[103.942654,1.354194]},"properties":{"id":"mrt-tampines-exit-f-103.942654-1.354194","name":"Tampines · Exit F","category":"exit","stationId":"mrt-tampines","exit":"Exit F","codes":"EW2-DT32","source":"LTA DataMall"}},{"type":"Feature","geometry":{"type":"Point","coordinates":[103.871556,1.321562]},"properties":{"id":"mrt-geylang-bahru-exit-a-103.871556-1.321562","name":"Geylang Bahru · Exit A","category":"exit","stationId":"mrt-geylang-bahru","exit":"Exit A","codes":"DT24","source":"LTA DataMall"}},{"type":"Feature","geometry":{"type":"Point","coordinates":[103.95454,1.356461]},"properties":{"id":"mrt-tampines-east-exit-a-103.954540-1.356461","name":"Tampines East · Exit A","category":"exit","stationId":"mrt-tampines-east","exit":"Exit A","codes":"DT33","source":"LTA DataMall"}},{"type":"Feature","geometry":{"type":"Point","coordinates":[103.909146,1.334922]},"properties":{"id":"mrt-kaki-bukit-exit-b-103.909146-1.334922","name":"Kaki Bukit · Exit B","category":"exit","stationId":"mrt-kaki-bukit","exit":"Exit B","codes":"DT28","source":"LTA DataMall"}},{"type":"Feature","geometry":{"type":"Point","coordinates":[103.933487,1.336555]},"properties":{"id":"mrt-bedok-reservoir-exit-b-103.933487-1.336555","name":"Bedok Reservoir · Exit B","category":"exit","stationId":"mrt-bedok-reservoir","exit":"Exit B","codes":"DT30","source":"LTA DataMall"}},{"type":"Feature","geometry":{"type":"Point","coordinates":[103.849272,1.297699]},"properties":{"id":"mrt-bencoolen-exit-c-103.849272-1.297699","name":"Bencoolen · Exit C","category":"exit","stationId":"mrt-bencoolen","exit":"Exit C","codes":"DT21","source":"LTA DataMall"}},{"type":"Feature","geometry":{"type":"Point","coordinates":[103.850843,1.299195]},"properties":{"id":"mrt-bencoolen-exit-a-103.850843-1.299195","name":"Bencoolen · Exit A","category":"exit","stationId":"mrt-bencoolen","exit":"Exit A","codes":"DT21","source":"LTA DataMall"}},{"type":"Feature","geometry":{"type":"Point","coordinates":[103.909405,1.335311]},"properties":{"id":"mrt-kaki-bukit-exit-a-103.909405-1.335311","name":"Kaki Bukit · Exit A","category":"exit","stationId":"mrt-kaki-bukit","exit":"Exit A","codes":"DT28","source":"LTA DataMall"}},{"type":"Feature","geometry":{"type":"Point","coordinates":[103.938949,1.344999]},"properties":{"id":"mrt-tampines-west-exit-b-103.938949-1.344999","name":"Tampines West · Exit B","category":"exit","stationId":"mrt-tampines-west","exit":"Exit B","codes":"DT31","source":"LTA DataMall"}},{"type":"Feature","geometry":{"type":"Point","coordinates":[103.855296,1.30489]},"properties":{"id":"mrt-jalan-besar-exit-a-103.855296-1.304890","name":"Jalan Besar · Exit A","category":"exit","stationId":"mrt-jalan-besar","exit":"Exit A","codes":"DT22","source":"LTA DataMall"}},{"type":"Feature","geometry":{"type":"Point","coordinates":[103.863074,1.313853]},"properties":{"id":"mrt-bendemeer-exit-a-103.863074-1.313853","name":"Bendemeer · Exit A","category":"exit","stationId":"mrt-bendemeer","exit":"Exit A","codes":"DT23","source":"LTA DataMall"}},{"type":"Feature","geometry":{"type":"Point","coordinates":[103.917811,1.334423]},"properties":{"id":"mrt-bedok-north-exit-c-103.917811-1.334423","name":"Bedok North · Exit C","category":"exit","stationId":"mrt-bedok-north","exit":"Exit C","codes":"DT29","source":"LTA DataMall"}},{"type":"Feature","geometry":{"type":"Point","coordinates":[103.961043,1.34084]},"properties":{"id":"mrt-upper-changi-exit-d-103.961043-1.340840","name":"Upper Changi · Exit D","category":"exit","stationId":"mrt-upper-changi","exit":"Exit D","codes":"DT34","source":"LTA DataMall"}},{"type":"Feature","geometry":{"type":"Point","coordinates":[103.871794,1.321109]},"properties":{"id":"mrt-geylang-bahru-exit-b-103.871794-1.321109","name":"Geylang Bahru · Exit B","category":"exit","stationId":"mrt-geylang-bahru","exit":"Exit B","codes":"DT24","source":"LTA DataMall"}},{"type":"Feature","geometry":{"type":"Point","coordinates":[103.943678,1.354871]},"properties":{"id":"mrt-tampines-exit-d-103.943678-1.354871","name":"Tampines · Exit D","category":"exit","stationId":"mrt-tampines","exit":"Exit D","codes":"EW2-DT32","source":"LTA DataMall"}},{"type":"Feature","geometry":{"type":"Point","coordinates":[103.942723,1.354596]},"properties":{"id":"mrt-tampines-exit-g-103.942723-1.354596","name":"Tampines · Exit G","category":"exit","stationId":"mrt-tampines","exit":"Exit G","codes":"EW2-DT32","source":"LTA DataMall"}},{"type":"Feature","geometry":{"type":"Point","coordinates":[103.932887,1.336348]},"properties":{"id":"mrt-bedok-reservoir-exit-a-103.932887-1.336348","name":"Bedok Reservoir · Exit A","category":"exit","stationId":"mrt-bedok-reservoir","exit":"Exit A","codes":"DT30","source":"LTA DataMall"}},{"type":"Feature","geometry":{"type":"Point","coordinates":[103.834866,1.429636]},"properties":{"id":"mrt-yishun-exit-b-103.834866-1.429636","name":"Yishun · Exit B","category":"exit","stationId":"mrt-yishun","exit":"Exit B","codes":"NS13","source":"LTA DataMall"}},{"type":"Feature","geometry":{"type":"Point","coordinates":[103.835644,1.429666]},"properties":{"id":"mrt-yishun-exit-e-103.835644-1.429666","name":"Yishun · Exit E","category":"exit","stationId":"mrt-yishun","exit":"Exit E","codes":"NS13","source":"LTA DataMall"}},{"type":"Feature","geometry":{"type":"Point","coordinates":[103.872867,1.35079]},"properties":{"id":"mrt-serangoon-exit-g-103.872867-1.350790","name":"Serangoon · Exit G","category":"exit","stationId":"mrt-serangoon","exit":"Exit G","codes":"NE12-CC13","source":"LTA DataMall"}},{"type":"Feature","geometry":{"type":"Point","coordinates":[103.873641,1.349834]},"properties":{"id":"mrt-serangoon-exit-b-103.873641-1.349834","name":"Serangoon · Exit B","category":"exit","stationId":"mrt-serangoon","exit":"Exit B","codes":"NE12-CC13","source":"LTA DataMall"}},{"type":"Feature","geometry":{"type":"Point","coordinates":[103.872902,1.35082]},"properties":{"id":"mrt-serangoon-exit-e-103.872902-1.350820","name":"Serangoon · Exit E","category":"exit","stationId":"mrt-serangoon","exit":"Exit E","codes":"NE12-CC13","source":"LTA DataMall"}},{"type":"Feature","geometry":{"type":"Point","coordinates":[103.887627,1.335914]},"properties":{"id":"mrt-tai-seng-exit-a-103.887627-1.335914","name":"Tai Seng · Exit A","category":"exit","stationId":"mrt-tai-seng","exit":"Exit A","codes":"CC11","source":"LTA DataMall"}},{"type":"Feature","geometry":{"type":"Point","coordinates":[103.903215,1.31953]},"properties":{"id":"mrt-eunos-exit-c-103.903215-1.319530","name":"Eunos · Exit C","category":"exit","stationId":"mrt-eunos","exit":"Exit C","codes":"EW7","source":"LTA DataMall"}},{"type":"Feature","geometry":{"type":"Point","coordinates":[103.819759,1.449157]},"properties":{"id":"mrt-sembawang-exit-c-103.819759-1.449157","name":"Sembawang · Exit C","category":"exit","stationId":"mrt-sembawang","exit":"Exit C","codes":"NS11","source":"LTA DataMall"}},{"type":"Feature","geometry":{"type":"Point","coordinates":[103.892972,1.371946]},"properties":{"id":"mrt-hougang-exit-b-103.892972-1.371946","name":"Hougang · Exit B","category":"exit","stationId":"mrt-hougang","exit":"Exit B","codes":"NE14","source":"LTA DataMall"}},{"type":"Feature","geometry":{"type":"Point","coordinates":[103.989277,1.356341]},"properties":{"id":"mrt-changi-airport-exit-a-103.989277-1.356341","name":"Changi Airport · Exit A","category":"exit","stationId":"mrt-changi-airport","exit":"Exit A","codes":"CG2","source":"LTA DataMall"}},{"type":"Feature","geometry":{"type":"Point","coordinates":[103.987305,1.35722]},"properties":{"id":"mrt-changi-airport-exit-b-103.987305-1.357220","name":"Changi Airport · Exit B","category":"exit","stationId":"mrt-changi-airport","exit":"Exit B","codes":"CG2","source":"LTA DataMall"}},{"type":"Feature","geometry":{"type":"Point","coordinates":[103.85492,1.293586]},"properties":{"id":"mrt-esplanade-exit-g-103.854920-1.293586","name":"Esplanade · Exit G","category":"exit","stationId":"mrt-esplanade","exit":"Exit G","codes":"CC3","source":"LTA DataMall"}},{"type":"Feature","geometry":{"type":"Point","coordinates":[103.855855,1.292904]},"properties":{"id":"mrt-esplanade-exit-c-103.855855-1.292904","name":"Esplanade · Exit C","category":"exit","stationId":"mrt-esplanade","exit":"Exit C","codes":"CC3","source":"LTA DataMall"}},{"type":"Feature","geometry":{"type":"Point","coordinates":[103.856176,1.292927]},"properties":{"id":"mrt-esplanade-exit-b-103.856176-1.292927","name":"Esplanade · Exit B","category":"exit","stationId":"mrt-esplanade","exit":"Exit B","codes":"CC3","source":"LTA DataMall"}},{"type":"Feature","geometry":{"type":"Point","coordinates":[103.851563,1.283631]},"properties":{"id":"mrt-raffles-place-exit-c-103.851563-1.283631","name":"Raffles Place · Exit C","category":"exit","stationId":"mrt-raffles-place","exit":"Exit C","codes":"NS26-EW14","source":"LTA DataMall"}},{"type":"Feature","geometry":{"type":"Point","coordinates":[103.851296,1.282626]},"properties":{"id":"mrt-raffles-place-exit-j-103.851296-1.282626","name":"Raffles Place · Exit J","category":"exit","stationId":"mrt-raffles-place","exit":"Exit J","codes":"NS26-EW14","source":"LTA DataMall"}},{"type":"Feature","geometry":{"type":"Point","coordinates":[103.850961,1.282539]},"properties":{"id":"mrt-raffles-place-exit-f-103.850961-1.282539","name":"Raffles Place · Exit F","category":"exit","stationId":"mrt-raffles-place","exit":"Exit F","codes":"NS26-EW14","source":"LTA DataMall"}},{"type":"Feature","geometry":{"type":"Point","coordinates":[103.851433,1.282382]},"properties":{"id":"mrt-raffles-place-exit-i-103.851433-1.282382","name":"Raffles Place · Exit I","category":"exit","stationId":"mrt-raffles-place","exit":"Exit I","codes":"NS26-EW14","source":"LTA DataMall"}},{"type":"Feature","geometry":{"type":"Point","coordinates":[103.847096,1.276259]},"properties":{"id":"mrt-tanjong-pagar-exit-e-103.847096-1.276259","name":"Tanjong Pagar · Exit E","category":"exit","stationId":"mrt-tanjong-pagar","exit":"Exit E","codes":"EW15","source":"LTA DataMall"}},{"type":"Feature","geometry":{"type":"Point","coordinates":[103.84956,1.298199]},"properties":{"id":"mrt-bencoolen-exit-b-103.849560-1.298199","name":"Bencoolen · Exit B","category":"exit","stationId":"mrt-bencoolen","exit":"Exit B","codes":"DT21","source":"LTA DataMall"}},{"type":"Feature","geometry":{"type":"Point","coordinates":[103.955705,1.355553]},"properties":{"id":"mrt-tampines-east-exit-c-103.955705-1.355553","name":"Tampines East · Exit C","category":"exit","stationId":"mrt-tampines-east","exit":"Exit C","codes":"DT33","source":"LTA DataMall"}},{"type":"Feature","geometry":{"type":"Point","coordinates":[103.882732,1.327251]},"properties":{"id":"mrt-mattar-exit-a-103.882732-1.327251","name":"Mattar · Exit A","category":"exit","stationId":"mrt-mattar","exit":"Exit A","codes":"DT25","source":"LTA DataMall"}},{"type":"Feature","geometry":{"type":"Point","coordinates":[103.942659,1.355853]},"properties":{"id":"mrt-tampines-exit-e-103.942659-1.355853","name":"Tampines · Exit E","category":"exit","stationId":"mrt-tampines","exit":"Exit E","codes":"EW2-DT32","source":"LTA DataMall"}},{"type":"Feature","geometry":{"type":"Point","coordinates":[103.961328,1.341861]},"properties":{"id":"mrt-upper-changi-exit-a-103.961328-1.341861","name":"Upper Changi · Exit A","category":"exit","stationId":"mrt-upper-changi","exit":"Exit A","codes":"DT34","source":"LTA DataMall"}},{"type":"Feature","geometry":{"type":"Point","coordinates":[103.95517,1.355588]},"properties":{"id":"mrt-tampines-east-exit-b-103.955170-1.355588","name":"Tampines East · Exit B","category":"exit","stationId":"mrt-tampines-east","exit":"Exit B","codes":"DT33","source":"LTA DataMall"}},{"type":"Feature","geometry":{"type":"Point","coordinates":[103.855245,1.305467]},"properties":{"id":"mrt-jalan-besar-exit-b-103.855245-1.305467","name":"Jalan Besar · Exit B","category":"exit","stationId":"mrt-jalan-besar","exit":"Exit B","codes":"DT22","source":"LTA DataMall"}},{"type":"Feature","geometry":{"type":"Point","coordinates":[103.91805,1.335126]},"properties":{"id":"mrt-bedok-north-exit-a-103.918050-1.335126","name":"Bedok North · Exit A","category":"exit","stationId":"mrt-bedok-north","exit":"Exit A","codes":"DT29","source":"LTA DataMall"}},{"type":"Feature","geometry":{"type":"Point","coordinates":[103.960961,1.342007]},"properties":{"id":"mrt-upper-changi-exit-a-103.960961-1.342007","name":"Upper Changi · Exit A","category":"exit","stationId":"mrt-upper-changi","exit":"Exit A","codes":"DT34","source":"LTA DataMall"}},{"type":"Feature","geometry":{"type":"Point","coordinates":[103.919063,1.334166]},"properties":{"id":"mrt-bedok-north-exit-b-103.919063-1.334166","name":"Bedok North · Exit B","category":"exit","stationId":"mrt-bedok-north","exit":"Exit B","codes":"DT29","source":"LTA DataMall"}},{"type":"Feature","geometry":{"type":"Point","coordinates":[103.863219,1.313481]},"properties":{"id":"mrt-bendemeer-exit-b-103.863219-1.313481","name":"Bendemeer · Exit B","category":"exit","stationId":"mrt-bendemeer","exit":"Exit B","codes":"DT23","source":"LTA DataMall"}},{"type":"Feature","geometry":{"type":"Point","coordinates":[103.938197,1.345631]},"properties":{"id":"mrt-tampines-west-exit-a-103.938197-1.345631","name":"Tampines West · Exit A","category":"exit","stationId":"mrt-tampines-west","exit":"Exit A","codes":"DT31","source":"LTA DataMall"}},{"type":"Feature","geometry":{"type":"Point","coordinates":[103.898586,1.329831]},"properties":{"id":"mrt-ubi-exit-b-103.898586-1.329831","name":"Ubi · Exit B","category":"exit","stationId":"mrt-ubi","exit":"Exit B","codes":"DT27","source":"LTA DataMall"}},{"type":"Feature","geometry":{"type":"Point","coordinates":[103.844425,1.29283]},"properties":{"id":"mrt-fort-canning-exit-b-103.844425-1.292830","name":"Fort Canning · Exit B","category":"exit","stationId":"mrt-fort-canning","exit":"Exit B","codes":"DT20","source":"LTA DataMall"}},{"type":"Feature","geometry":{"type":"Point","coordinates":[103.919134,1.334372]},"properties":{"id":"mrt-bedok-north-exit-b-103.919134-1.334372","name":"Bedok North · Exit B","category":"exit","stationId":"mrt-bedok-north","exit":"Exit B","codes":"DT29","source":"LTA DataMall"}},{"type":"Feature","geometry":{"type":"Point","coordinates":[103.883748,1.326464]},"properties":{"id":"mrt-mattar-exit-b-103.883748-1.326464","name":"Mattar · Exit B","category":"exit","stationId":"mrt-mattar","exit":"Exit B","codes":"DT25","source":"LTA DataMall"}},{"type":"Feature","geometry":{"type":"Point","coordinates":[103.84417,1.292406]},"properties":{"id":"mrt-fort-canning-exit-a-103.844170-1.292406","name":"Fort Canning · Exit A","category":"exit","stationId":"mrt-fort-canning","exit":"Exit A","codes":"DT20","source":"LTA DataMall"}},{"type":"Feature","geometry":{"type":"Point","coordinates":[103.899877,1.329951]},"properties":{"id":"mrt-ubi-exit-a-103.899877-1.329951","name":"Ubi · Exit A","category":"exit","stationId":"mrt-ubi","exit":"Exit A","codes":"DT27","source":"LTA DataMall"}},{"type":"Feature","geometry":{"type":"Point","coordinates":[103.961617,1.341993]},"properties":{"id":"mrt-upper-changi-exit-c-103.961617-1.341993","name":"Upper Changi · Exit C","category":"exit","stationId":"mrt-upper-changi","exit":"Exit C","codes":"DT34","source":"LTA DataMall"}},{"type":"Feature","geometry":{"type":"Point","coordinates":[103.961476,1.341038]},"properties":{"id":"mrt-upper-changi-exit-b-103.961476-1.341038","name":"Upper Changi · Exit B","category":"exit","stationId":"mrt-upper-changi","exit":"Exit B","codes":"DT34","source":"LTA DataMall"}},{"type":"Feature","geometry":{"type":"Point","coordinates":[103.955717,1.35697]},"properties":{"id":"mrt-tampines-east-exit-d-103.955717-1.356970","name":"Tampines East · Exit D","category":"exit","stationId":"mrt-tampines-east","exit":"Exit D","codes":"DT33","source":"LTA DataMall"}},{"type":"Feature","geometry":{"type":"Point","coordinates":[103.846928,1.277379]},"properties":{"id":"mrt-tanjong-pagar-exit-f-103.846928-1.277379","name":"Tanjong Pagar · Exit F","category":"exit","stationId":"mrt-tanjong-pagar","exit":"Exit F","codes":"EW15","source":"LTA DataMall"}},{"type":"Feature","geometry":{"type":"Point","coordinates":[103.846953,1.277785]},"properties":{"id":"mrt-tanjong-pagar-exit-g-103.846953-1.277785","name":"Tanjong Pagar · Exit G","category":"exit","stationId":"mrt-tanjong-pagar","exit":"Exit G","codes":"EW15","source":"LTA DataMall"}},{"type":"Feature","geometry":{"type":"Point","coordinates":[103.846445,1.275451]},"properties":{"id":"mrt-tanjong-pagar-exit-h-103.846445-1.275451","name":"Tanjong Pagar · Exit H","category":"exit","stationId":"mrt-tanjong-pagar","exit":"Exit H","codes":"EW15","source":"LTA DataMall"}},{"type":"Feature","geometry":{"type":"Point","coordinates":[103.855568,1.293129]},"properties":{"id":"mrt-esplanade-exit-e-103.855568-1.293129","name":"Esplanade · Exit E","category":"exit","stationId":"mrt-esplanade","exit":"Exit E","codes":"CC3","source":"LTA DataMall"}},{"type":"Feature","geometry":{"type":"Point","coordinates":[103.855105,1.29382]},"properties":{"id":"mrt-esplanade-exit-f-103.855105-1.293820","name":"Esplanade · Exit F","category":"exit","stationId":"mrt-esplanade","exit":"Exit F","codes":"CC3","source":"LTA DataMall"}},{"type":"Feature","geometry":{"type":"Point","coordinates":[103.855834,1.292624]},"properties":{"id":"mrt-esplanade-exit-d-103.855834-1.292624","name":"Esplanade · Exit D","category":"exit","stationId":"mrt-esplanade","exit":"Exit D","codes":"CC3","source":"LTA DataMall"}},{"type":"Feature","geometry":{"type":"Point","coordinates":[103.860137,1.293862]},"properties":{"id":"mrt-promenade-exit-b-103.860137-1.293862","name":"Promenade · Exit B","category":"exit","stationId":"mrt-promenade","exit":"Exit B","codes":"CC4-DT15","source":"LTA DataMall"}},{"type":"Feature","geometry":{"type":"Point","coordinates":[103.863506,1.30017]},"properties":{"id":"mrt-nicoll-highway-exit-a-103.863506-1.300170","name":"Nicoll Highway · Exit A","category":"exit","stationId":"mrt-nicoll-highway","exit":"Exit A","codes":"CC5","source":"LTA DataMall"}},{"type":"Feature","geometry":{"type":"Point","coordinates":[103.876226,1.30337]},"properties":{"id":"mrt-stadium-exit-b-103.876226-1.303370","name":"Stadium · Exit B","category":"exit","stationId":"mrt-stadium","exit":"Exit B","codes":"CC6","source":"LTA DataMall"}},{"type":"Feature","geometry":{"type":"Point","coordinates":[103.8744,1.302511]},"properties":{"id":"mrt-stadium-exit-a-103.874400-1.302511","name":"Stadium · Exit A","category":"exit","stationId":"mrt-stadium","exit":"Exit A","codes":"CC6","source":"LTA DataMall"}},{"type":"Feature","geometry":{"type":"Point","coordinates":[103.883248,1.306046]},"properties":{"id":"mrt-mountbatten-exit-b-103.883248-1.306046","name":"Mountbatten · Exit B","category":"exit","stationId":"mrt-mountbatten","exit":"Exit B","codes":"CC7","source":"LTA DataMall"}},{"type":"Feature","geometry":{"type":"Point","coordinates":[103.882598,1.306753]},"properties":{"id":"mrt-mountbatten-exit-a-103.882598-1.306753","name":"Mountbatten · Exit A","category":"exit","stationId":"mrt-mountbatten","exit":"Exit A","codes":"CC7","source":"LTA DataMall"}},{"type":"Feature","geometry":{"type":"Point","coordinates":[103.889307,1.308814]},"properties":{"id":"mrt-dakota-exit-a-103.889307-1.308814","name":"Dakota · Exit A","category":"exit","stationId":"mrt-dakota","exit":"Exit A","codes":"CC8","source":"LTA DataMall"}},{"type":"Feature","geometry":{"type":"Point","coordinates":[103.887979,1.308097]},"properties":{"id":"mrt-dakota-exit-b-103.887979-1.308097","name":"Dakota · Exit B","category":"exit","stationId":"mrt-dakota","exit":"Exit B","codes":"CC8","source":"LTA DataMall"}},{"type":"Feature","geometry":{"type":"Point","coordinates":[103.891721,1.318149]},"properties":{"id":"mrt-paya-lebar-exit-c-103.891721-1.318149","name":"Paya Lebar · Exit C","category":"exit","stationId":"mrt-paya-lebar","exit":"Exit C","codes":"EW8-CC9","source":"LTA DataMall"}},{"type":"Feature","geometry":{"type":"Point","coordinates":[103.892078,1.316588]},"properties":{"id":"mrt-paya-lebar-exit-d-103.892078-1.316588","name":"Paya Lebar · Exit D","category":"exit","stationId":"mrt-paya-lebar","exit":"Exit D","codes":"EW8-CC9","source":"LTA DataMall"}},{"type":"Feature","geometry":{"type":"Point","coordinates":[103.860236,1.294103]},"properties":{"id":"mrt-promenade-exit-c-103.860236-1.294103","name":"Promenade · Exit C","category":"exit","stationId":"mrt-promenade","exit":"Exit C","codes":"CC4-DT15","source":"LTA DataMall"}},{"type":"Feature","geometry":{"type":"Point","coordinates":[103.833231,1.417869]},"properties":{"id":"mrt-khatib-exit-d-103.833231-1.417869","name":"Khatib · Exit D","category":"exit","stationId":"mrt-khatib","exit":"Exit D","codes":"NS14","source":"LTA DataMall"}},{"type":"Feature","geometry":{"type":"Point","coordinates":[103.953819,1.342662]},"properties":{"id":"mrt-simei-exit-a-103.953819-1.342662","name":"Simei · Exit A","category":"exit","stationId":"mrt-simei","exit":"Exit A","codes":"EW3","source":"LTA DataMall"}},{"type":"Feature","geometry":{"type":"Point","coordinates":[103.929404,1.324075]},"properties":{"id":"mrt-bedok-exit-c-103.929404-1.324075","name":"Bedok · Exit C","category":"exit","stationId":"mrt-bedok","exit":"Exit C","codes":"EW5","source":"LTA DataMall"}},{"type":"Feature","geometry":{"type":"Point","coordinates":[103.856891,1.299079]},"properties":{"id":"mrt-bugis-exit-d-103.856891-1.299079","name":"Bugis · Exit D","category":"exit","stationId":"mrt-bugis","exit":"Exit D","codes":"EW12-DT14","source":"LTA DataMall"}},{"type":"Feature","geometry":{"type":"Point","coordinates":[103.85298,1.293042]},"properties":{"id":"mrt-city-hall-exit-c-103.852980-1.293042","name":"City Hall · Exit C","category":"exit","stationId":"mrt-city-hall","exit":"Exit C","codes":"NS25-EW13","source":"LTA DataMall"}},{"type":"Feature","geometry":{"type":"Point","coordinates":[103.805585,1.295446]},"properties":{"id":"mrt-queenstown-exit-c-103.805585-1.295446","name":"Queenstown · Exit C","category":"exit","stationId":"mrt-queenstown","exit":"Exit C","codes":"EW19","source":"LTA DataMall"}},{"type":"Feature","geometry":{"type":"Point","coordinates":[103.805492,1.295383]},"properties":{"id":"mrt-queenstown-exit-d-103.805492-1.295383","name":"Queenstown · Exit D","category":"exit","stationId":"mrt-queenstown","exit":"Exit D","codes":"EW19","source":"LTA DataMall"}},{"type":"Feature","geometry":{"type":"Point","coordinates":[103.798779,1.302077]},"properties":{"id":"mrt-commonwealth-exit-c-103.798779-1.302077","name":"Commonwealth · Exit C","category":"exit","stationId":"mrt-commonwealth","exit":"Exit C","codes":"EW20","source":"LTA DataMall"}},{"type":"Feature","geometry":{"type":"Point","coordinates":[103.79872,1.302013]},"properties":{"id":"mrt-commonwealth-exit-d-103.798720-1.302013","name":"Commonwealth · Exit D","category":"exit","stationId":"mrt-commonwealth","exit":"Exit D","codes":"EW20","source":"LTA DataMall"}},{"type":"Feature","geometry":{"type":"Point","coordinates":[103.76557,1.314078]},"properties":{"id":"mrt-clementi-exit-d-103.765570-1.314078","name":"Clementi · Exit D","category":"exit","stationId":"mrt-clementi","exit":"Exit D","codes":"EW23","source":"LTA DataMall"}},{"type":"Feature","geometry":{"type":"Point","coordinates":[103.76575,1.314162]},"properties":{"id":"mrt-clementi-exit-c-103.765750-1.314162","name":"Clementi · Exit C","category":"exit","stationId":"mrt-clementi","exit":"Exit C","codes":"EW23","source":"LTA DataMall"}},{"type":"Feature","geometry":{"type":"Point","coordinates":[103.742298,1.333581]},"properties":{"id":"mrt-jurong-east-exit-d-103.742298-1.333581","name":"Jurong East · Exit D","category":"exit","stationId":"mrt-jurong-east","exit":"Exit D","codes":"NS1-EW24","source":"LTA DataMall"}},{"type":"Feature","geometry":{"type":"Point","coordinates":[103.849825,1.369882]},"properties":{"id":"mrt-ang-mo-kio-exit-d-103.849825-1.369882","name":"Ang Mo Kio · Exit D","category":"exit","stationId":"mrt-ang-mo-kio","exit":"Exit D","codes":"NS16","source":"LTA DataMall"}},{"type":"Feature","geometry":{"type":"Point","coordinates":[103.838766,1.300436]},"properties":{"id":"mrt-somerset-exit-c-103.838766-1.300436","name":"Somerset · Exit C","category":"exit","stationId":"mrt-somerset","exit":"Exit C","codes":"NS23","source":"LTA DataMall"}},{"type":"Feature","geometry":{"type":"Point","coordinates":[103.839734,1.300241]},"properties":{"id":"mrt-somerset-exit-d-103.839734-1.300241","name":"Somerset · Exit D","category":"exit","stationId":"mrt-somerset","exit":"Exit D","codes":"NS23","source":"LTA DataMall"}},{"type":"Feature","geometry":{"type":"Point","coordinates":[103.86233,1.27053]},"properties":{"id":"mrt-marina-south-pier-exit-a-103.862330-1.270530","name":"Marina South Pier · Exit A","category":"exit","stationId":"mrt-marina-south-pier","exit":"Exit A","codes":"NS28","source":"LTA DataMall"}},{"type":"Feature","geometry":{"type":"Point","coordinates":[103.86358,1.271438]},"properties":{"id":"mrt-marina-south-pier-exit-b-103.863580-1.271438","name":"Marina South Pier · Exit B","category":"exit","stationId":"mrt-marina-south-pier","exit":"Exit B","codes":"NS28","source":"LTA DataMall"}},{"type":"Feature","geometry":{"type":"Point","coordinates":[103.844459,1.284736]},"properties":{"id":"mrt-chinatown-exit-g-103.844459-1.284736","name":"Chinatown · Exit G","category":"exit","stationId":"mrt-chinatown","exit":"Exit G","codes":"NE4-DT19","source":"LTA DataMall"}},{"type":"Feature","geometry":{"type":"Point","coordinates":[103.845463,1.284275]},"properties":{"id":"mrt-chinatown-exit-f-103.845463-1.284275","name":"Chinatown · Exit F","category":"exit","stationId":"mrt-chinatown","exit":"Exit F","codes":"NE4-DT19","source":"LTA DataMall"}},{"type":"Feature","geometry":{"type":"Point","coordinates":[103.761371,1.378619]},"properties":{"id":"mrt-bukit-panjang-exit-b-103.761371-1.378619","name":"Bukit Panjang · Exit B","category":"exit","stationId":"mrt-bukit-panjang","exit":"Exit B","codes":"DT1","source":"LTA DataMall"}},{"type":"Feature","geometry":{"type":"Point","coordinates":[103.767688,1.362474]},"properties":{"id":"mrt-hillview-exit-a-103.767688-1.362474","name":"Hillview · Exit A","category":"exit","stationId":"mrt-hillview","exit":"Exit A","codes":"DT3","source":"LTA DataMall"}},{"type":"Feature","geometry":{"type":"Point","coordinates":[103.775984,1.341696]},"properties":{"id":"mrt-beauty-world-exit-a-103.775984-1.341696","name":"Beauty World · Exit A","category":"exit","stationId":"mrt-beauty-world","exit":"Exit A","codes":"DT5","source":"LTA DataMall"}},{"type":"Feature","geometry":{"type":"Point","coordinates":[103.775762,1.339982]},"properties":{"id":"mrt-beauty-world-exit-c-103.775762-1.339982","name":"Beauty World · Exit C","category":"exit","stationId":"mrt-beauty-world","exit":"Exit C","codes":"DT5","source":"LTA DataMall"}},{"type":"Feature","geometry":{"type":"Point","coordinates":[103.784562,1.335976]},"properties":{"id":"mrt-king-albert-park-exit-b-103.784562-1.335976","name":"King Albert Park · Exit B","category":"exit","stationId":"mrt-king-albert-park","exit":"Exit B","codes":"DT6","source":"LTA DataMall"}},{"type":"Feature","geometry":{"type":"Point","coordinates":[103.796848,1.331521]},"properties":{"id":"mrt-sixth-avenue-exit-b-103.796848-1.331521","name":"Sixth Avenue · Exit B","category":"exit","stationId":"mrt-sixth-avenue","exit":"Exit B","codes":"DT7","source":"LTA DataMall"}},{"type":"Feature","geometry":{"type":"Point","coordinates":[103.807801,1.326146]},"properties":{"id":"mrt-tan-kah-kee-exit-b-103.807801-1.326146","name":"Tan Kah Kee · Exit B","category":"exit","stationId":"mrt-tan-kah-kee","exit":"Exit B","codes":"DT8","source":"LTA DataMall"}},{"type":"Feature","geometry":{"type":"Point","coordinates":[103.815914,1.322685]},"properties":{"id":"mrt-botanic-gardens-exit-b-103.815914-1.322685","name":"Botanic Gardens · Exit B","category":"exit","stationId":"mrt-botanic-gardens","exit":"Exit B","codes":"CC19-DT9","source":"LTA DataMall"}},{"type":"Feature","geometry":{"type":"Point","coordinates":[103.838242,1.313617]},"properties":{"id":"mrt-newton-exit-c-103.838242-1.313617","name":"Newton · Exit C","category":"exit","stationId":"mrt-newton","exit":"Exit C","codes":"NS21-DT11","source":"LTA DataMall"}},{"type":"Feature","geometry":{"type":"Point","coordinates":[103.848304,1.307684]},"properties":{"id":"mrt-little-india-exit-f-103.848304-1.307684","name":"Little India · Exit F","category":"exit","stationId":"mrt-little-india","exit":"Exit F","codes":"NE7-DT12","source":"LTA DataMall"}},{"type":"Feature","geometry":{"type":"Point","coordinates":[103.853104,1.304215]},"properties":{"id":"mrt-rochor-exit-b-103.853104-1.304215","name":"Rochor · Exit B","category":"exit","stationId":"mrt-rochor","exit":"Exit B","codes":"DT13","source":"LTA DataMall"}},{"type":"Feature","geometry":{"type":"Point","coordinates":[103.852647,1.279773]},"properties":{"id":"mrt-downtown-exit-a-103.852647-1.279773","name":"Downtown · Exit A","category":"exit","stationId":"mrt-downtown","exit":"Exit A","codes":"DT17","source":"LTA DataMall"}},{"type":"Feature","geometry":{"type":"Point","coordinates":[103.852478,1.279528]},"properties":{"id":"mrt-downtown-exit-e-103.852478-1.279528","name":"Downtown · Exit E","category":"exit","stationId":"mrt-downtown","exit":"Exit E","codes":"DT17","source":"LTA DataMall"}},{"type":"Feature","geometry":{"type":"Point","coordinates":[103.852908,1.279601]},"properties":{"id":"mrt-downtown-exit-b-103.852908-1.279601","name":"Downtown · Exit B","category":"exit","stationId":"mrt-downtown","exit":"Exit B","codes":"DT17","source":"LTA DataMall"}},{"type":"Feature","geometry":{"type":"Point","coordinates":[103.853152,1.279444]},"properties":{"id":"mrt-downtown-exit-c-103.853152-1.279444","name":"Downtown · Exit C","category":"exit","stationId":"mrt-downtown","exit":"Exit C","codes":"DT17","source":"LTA DataMall"}},{"type":"Feature","geometry":{"type":"Point","coordinates":[103.853014,1.279176]},"properties":{"id":"mrt-downtown-exit-d-103.853014-1.279176","name":"Downtown · Exit D","category":"exit","stationId":"mrt-downtown","exit":"Exit D","codes":"DT17","source":"LTA DataMall"}},{"type":"Feature","geometry":{"type":"Point","coordinates":[103.848842,1.282251]},"properties":{"id":"mrt-telok-ayer-exit-c-103.848842-1.282251","name":"Telok Ayer · Exit C","category":"exit","stationId":"mrt-telok-ayer","exit":"Exit C","codes":"DT18","source":"LTA DataMall"}},{"type":"Feature","geometry":{"type":"Point","coordinates":[103.848773,1.282497]},"properties":{"id":"mrt-telok-ayer-exit-b-103.848773-1.282497","name":"Telok Ayer · Exit B","category":"exit","stationId":"mrt-telok-ayer","exit":"Exit B","codes":"DT18","source":"LTA DataMall"}},{"type":"Feature","geometry":{"type":"Point","coordinates":[103.787785,1.300075]},"properties":{"id":"mrt-one-north-exit-d-103.787785-1.300075","name":"one-north · Exit D","category":"exit","stationId":"mrt-one-north","exit":"Exit D","codes":"CC23","source":"LTA DataMall"}},{"type":"Feature","geometry":{"type":"Point","coordinates":[103.78449,1.293985]},"properties":{"id":"mrt-kent-ridge-exit-c-103.784490-1.293985","name":"Kent Ridge · Exit C","category":"exit","stationId":"mrt-kent-ridge","exit":"Exit C","codes":"CC24","source":"LTA DataMall"}},{"type":"Feature","geometry":{"type":"Point","coordinates":[103.784535,1.293219]},"properties":{"id":"mrt-kent-ridge-exit-d-103.784535-1.293219","name":"Kent Ridge · Exit D","category":"exit","stationId":"mrt-kent-ridge","exit":"Exit D","codes":"CC24","source":"LTA DataMall"}},{"type":"Feature","geometry":{"type":"Point","coordinates":[103.849,1.306855]},"properties":{"id":"mrt-little-india-exit-d-103.849000-1.306855","name":"Little India · Exit D","category":"exit","stationId":"mrt-little-india","exit":"Exit D","codes":"NE7-DT12","source":"LTA DataMall"}},{"type":"Feature","geometry":{"type":"Point","coordinates":[103.762034,1.378766]},"properties":{"id":"mrt-bukit-panjang-exit-a-103.762034-1.378766","name":"Bukit Panjang · Exit A","category":"exit","stationId":"mrt-bukit-panjang","exit":"Exit A","codes":"DT1","source":"LTA DataMall"}},{"type":"Feature","geometry":{"type":"Point","coordinates":[103.74456,1.3854]},"properties":{"id":"mrt-choa-chu-kang-exit-a-103.744560-1.385400","name":"Choa Chu Kang · Exit A","category":"exit","stationId":"mrt-choa-chu-kang","exit":"Exit A","codes":"NS4","source":"LTA DataMall"}},{"type":"Feature","geometry":{"type":"Point","coordinates":[103.74447,1.3846]},"properties":{"id":"mrt-choa-chu-kang-exit-b-103.744470-1.384600","name":"Choa Chu Kang · Exit B","category":"exit","stationId":"mrt-choa-chu-kang","exit":"Exit B","codes":"NS4","source":"LTA DataMall"}},{"type":"Feature","geometry":{"type":"Point","coordinates":[103.74447,1.38573]},"properties":{"id":"mrt-choa-chu-kang-exit-c-103.744470-1.385730","name":"Choa Chu Kang · Exit C","category":"exit","stationId":"mrt-choa-chu-kang","exit":"Exit C","codes":"NS4","source":"LTA DataMall"}},{"type":"Feature","geometry":{"type":"Point","coordinates":[103.74411,1.38537]},"properties":{"id":"mrt-choa-chu-kang-exit-d-103.744110-1.385370","name":"Choa Chu Kang · Exit D","category":"exit","stationId":"mrt-choa-chu-kang","exit":"Exit D","codes":"NS4","source":"LTA DataMall"}},{"type":"Feature","geometry":{"type":"Point","coordinates":[103.660444,1.319032]},"properties":{"id":"mrt-gul-circle-exit-a-103.660444-1.319032","name":"Gul Circle · Exit A","category":"exit","stationId":"mrt-gul-circle","exit":"Exit A","codes":"EW30","source":"LTA DataMall"}},{"type":"Feature","geometry":{"type":"Point","coordinates":[103.659435,1.318837]},"properties":{"id":"mrt-gul-circle-exit-b-103.659435-1.318837","name":"Gul Circle · Exit B","category":"exit","stationId":"mrt-gul-circle","exit":"Exit B","codes":"EW30","source":"LTA DataMall"}},{"type":"Feature","geometry":{"type":"Point","coordinates":[103.648959,1.320764]},"properties":{"id":"mrt-tuas-crescent-exit-a-103.648959-1.320764","name":"Tuas Crescent · Exit A","category":"exit","stationId":"mrt-tuas-crescent","exit":"Exit A","codes":"EW31","source":"LTA DataMall"}},{"type":"Feature","geometry":{"type":"Point","coordinates":[103.649287,1.321244]},"properties":{"id":"mrt-tuas-crescent-exit-b-103.649287-1.321244","name":"Tuas Crescent · Exit B","category":"exit","stationId":"mrt-tuas-crescent","exit":"Exit B","codes":"EW31","source":"LTA DataMall"}},{"type":"Feature","geometry":{"type":"Point","coordinates":[103.639284,1.329872]},"properties":{"id":"mrt-tuas-west-road-exit-a-103.639284-1.329872","name":"Tuas West Road · Exit A","category":"exit","stationId":"mrt-tuas-west-road","exit":"Exit A","codes":"EW32","source":"LTA DataMall"}},{"type":"Feature","geometry":{"type":"Point","coordinates":[103.639791,1.330182]},"properties":{"id":"mrt-tuas-west-road-exit-b-103.639791-1.330182","name":"Tuas West Road · Exit B","category":"exit","stationId":"mrt-tuas-west-road","exit":"Exit B","codes":"EW32","source":"LTA DataMall"}},{"type":"Feature","geometry":{"type":"Point","coordinates":[103.637246,1.340427]},"properties":{"id":"mrt-tuas-link-exit-a-103.637246-1.340427","name":"Tuas Link · Exit A","category":"exit","stationId":"mrt-tuas-link","exit":"Exit A","codes":"EW33","source":"LTA DataMall"}},{"type":"Feature","geometry":{"type":"Point","coordinates":[103.636841,1.34094]},"properties":{"id":"mrt-tuas-link-exit-b-103.636841-1.340940","name":"Tuas Link · Exit B","category":"exit","stationId":"mrt-tuas-link","exit":"Exit B","codes":"EW33","source":"LTA DataMall"}},{"type":"Feature","geometry":{"type":"Point","coordinates":[103.962161,1.335951]},"properties":{"id":"mrt-expo-exit-c-103.962161-1.335951","name":"Expo · Exit C","category":"exit","stationId":"mrt-expo","exit":"Exit C","codes":"CG1-DT35","source":"LTA DataMall"}},{"type":"Feature","geometry":{"type":"Point","coordinates":[103.963101,1.334835]},"properties":{"id":"mrt-expo-exit-d-103.963101-1.334835","name":"Expo · Exit D","category":"exit","stationId":"mrt-expo","exit":"Exit D","codes":"CG1-DT35","source":"LTA DataMall"}},{"type":"Feature","geometry":{"type":"Point","coordinates":[103.888615,1.326193]},"properties":{"id":"mrt-macpherson-exit-e-103.888615-1.326193","name":"MacPherson · Exit E","category":"exit","stationId":"mrt-macpherson","exit":"Exit E","codes":"CC10-DT26","source":"LTA DataMall"}},{"type":"Feature","geometry":{"type":"Point","coordinates":[103.962123,1.334863]},"properties":{"id":"mrt-expo-exit-e-103.962123-1.334863","name":"Expo · Exit E","category":"exit","stationId":"mrt-expo","exit":"Exit E","codes":"CG1-DT35","source":"LTA DataMall"}},{"type":"Feature","geometry":{"type":"Point","coordinates":[103.888455,1.325145]},"properties":{"id":"mrt-macpherson-exit-d-103.888455-1.325145","name":"MacPherson · Exit D","category":"exit","stationId":"mrt-macpherson","exit":"Exit D","codes":"CC10-DT26","source":"LTA DataMall"}},{"type":"Feature","geometry":{"type":"Point","coordinates":[103.963049,1.335019]},"properties":{"id":"mrt-expo-exit-g-103.963049-1.335019","name":"Expo · Exit G","category":"exit","stationId":"mrt-expo","exit":"Exit G","codes":"CG1-DT35","source":"LTA DataMall"}},{"type":"Feature","geometry":{"type":"Point","coordinates":[103.961837,1.335483]},"properties":{"id":"mrt-expo-exit-a-103.961837-1.335483","name":"Expo · Exit A","category":"exit","stationId":"mrt-expo","exit":"Exit A","codes":"CG1-DT35","source":"LTA DataMall"}},{"type":"Feature","geometry":{"type":"Point","coordinates":[103.962866,1.334712]},"properties":{"id":"mrt-expo-exit-f-103.962866-1.334712","name":"Expo · Exit F","category":"exit","stationId":"mrt-expo","exit":"Exit F","codes":"CG1-DT35","source":"LTA DataMall"}},{"type":"Feature","geometry":{"type":"Point","coordinates":[103.818391,1.397821]},"properties":{"id":"mrt-springleaf-exit-2-103.818391-1.397821","name":"Springleaf · Exit 2","category":"exit","stationId":"mrt-springleaf","exit":"Exit 2","codes":"TE4","source":"LTA DataMall"}},{"type":"Feature","geometry":{"type":"Point","coordinates":[103.818082,1.397684]},"properties":{"id":"mrt-springleaf-exit-3-103.818082-1.397684","name":"Springleaf · Exit 3","category":"exit","stationId":"mrt-springleaf","exit":"Exit 3","codes":"TE4","source":"LTA DataMall"}},{"type":"Feature","geometry":{"type":"Point","coordinates":[103.785429,1.447937]},"properties":{"id":"mrt-woodlands-north-exit-1-103.785429-1.447937","name":"Woodlands North · Exit 1","category":"exit","stationId":"mrt-woodlands-north","exit":"Exit 1","codes":"TE1","source":"LTA DataMall"}},{"type":"Feature","geometry":{"type":"Point","coordinates":[103.785102,1.449047]},"properties":{"id":"mrt-woodlands-north-exit-2-103.785102-1.449047","name":"Woodlands North · Exit 2","category":"exit","stationId":"mrt-woodlands-north","exit":"Exit 2","codes":"TE1","source":"LTA DataMall"}},{"type":"Feature","geometry":{"type":"Point","coordinates":[103.788964,1.435844]},"properties":{"id":"mrt-woodlands-exit-5-103.788964-1.435844","name":"Woodlands · Exit 5","category":"exit","stationId":"mrt-woodlands","exit":"Exit 5","codes":"NS9-TE2","source":"LTA DataMall"}},{"type":"Feature","geometry":{"type":"Point","coordinates":[103.787977,1.434496]},"properties":{"id":"mrt-woodlands-exit-7-103.787977-1.434496","name":"Woodlands · Exit 7","category":"exit","stationId":"mrt-woodlands","exit":"Exit 7","codes":"NS9-TE2","source":"LTA DataMall"}},{"type":"Feature","geometry":{"type":"Point","coordinates":[103.793027,1.427302]},"properties":{"id":"mrt-woodlands-south-exit-1-103.793027-1.427302","name":"Woodlands South · Exit 1","category":"exit","stationId":"mrt-woodlands-south","exit":"Exit 1","codes":"TE3","source":"LTA DataMall"}},{"type":"Feature","geometry":{"type":"Point","coordinates":[103.793414,1.427605]},"properties":{"id":"mrt-woodlands-south-exit-2-103.793414-1.427605","name":"Woodlands South · Exit 2","category":"exit","stationId":"mrt-woodlands-south","exit":"Exit 2","codes":"TE3","source":"LTA DataMall"}},{"type":"Feature","geometry":{"type":"Point","coordinates":[103.79456,1.427427]},"properties":{"id":"mrt-woodlands-south-exit-3-103.794560-1.427427","name":"Woodlands South · Exit 3","category":"exit","stationId":"mrt-woodlands-south","exit":"Exit 3","codes":"TE3","source":"LTA DataMall"}},{"type":"Feature","geometry":{"type":"Point","coordinates":[103.794424,1.426684]},"properties":{"id":"mrt-woodlands-south-exit-4-103.794424-1.426684","name":"Woodlands South · Exit 4","category":"exit","stationId":"mrt-woodlands-south","exit":"Exit 4","codes":"TE3","source":"LTA DataMall"}},{"type":"Feature","geometry":{"type":"Point","coordinates":[103.818003,1.398787]},"properties":{"id":"mrt-springleaf-exit-1-103.818003-1.398787","name":"Springleaf · Exit 1","category":"exit","stationId":"mrt-springleaf","exit":"Exit 1","codes":"TE4","source":"LTA DataMall"}},{"type":"Feature","geometry":{"type":"Point","coordinates":[103.835823,1.385891]},"properties":{"id":"mrt-lentor-exit-2-103.835823-1.385891","name":"Lentor · Exit 2","category":"exit","stationId":"mrt-lentor","exit":"Exit 2","codes":"TE5","source":"LTA DataMall"}},{"type":"Feature","geometry":{"type":"Point","coordinates":[103.83536,1.38541]},"properties":{"id":"mrt-lentor-exit-1-103.835360-1.385410","name":"Lentor · Exit 1","category":"exit","stationId":"mrt-lentor","exit":"Exit 1","codes":"TE5","source":"LTA DataMall"}},{"type":"Feature","geometry":{"type":"Point","coordinates":[103.837398,1.384602]},"properties":{"id":"mrt-lentor-exit-3-103.837398-1.384602","name":"Lentor · Exit 3","category":"exit","stationId":"mrt-lentor","exit":"Exit 3","codes":"TE5","source":"LTA DataMall"}},{"type":"Feature","geometry":{"type":"Point","coordinates":[103.837339,1.383628]},"properties":{"id":"mrt-lentor-exit-4-103.837339-1.383628","name":"Lentor · Exit 4","category":"exit","stationId":"mrt-lentor","exit":"Exit 4","codes":"TE5","source":"LTA DataMall"}},{"type":"Feature","geometry":{"type":"Point","coordinates":[103.83684,1.384162]},"properties":{"id":"mrt-lentor-exit-5-103.836840-1.384162","name":"Lentor · Exit 5","category":"exit","stationId":"mrt-lentor","exit":"Exit 5","codes":"TE5","source":"LTA DataMall"}},{"type":"Feature","geometry":{"type":"Point","coordinates":[103.837461,1.373532]},"properties":{"id":"mrt-mayflower-exit-3-103.837461-1.373532","name":"Mayflower · Exit 3","category":"exit","stationId":"mrt-mayflower","exit":"Exit 3","codes":"TE6","source":"LTA DataMall"}},{"type":"Feature","geometry":{"type":"Point","coordinates":[103.837032,1.37372]},"properties":{"id":"mrt-mayflower-exit-2-103.837032-1.373720","name":"Mayflower · Exit 2","category":"exit","stationId":"mrt-mayflower","exit":"Exit 2","codes":"TE6","source":"LTA DataMall"}},{"type":"Feature","geometry":{"type":"Point","coordinates":[103.836717,1.372704]},"properties":{"id":"mrt-mayflower-exit-1-103.836717-1.372704","name":"Mayflower · Exit 1","category":"exit","stationId":"mrt-mayflower","exit":"Exit 1","codes":"TE6","source":"LTA DataMall"}},{"type":"Feature","geometry":{"type":"Point","coordinates":[103.836285,1.371377]},"properties":{"id":"mrt-mayflower-exit-7-103.836285-1.371377","name":"Mayflower · Exit 7","category":"exit","stationId":"mrt-mayflower","exit":"Exit 7","codes":"TE6","source":"LTA DataMall"}},{"type":"Feature","geometry":{"type":"Point","coordinates":[103.836796,1.371276]},"properties":{"id":"mrt-mayflower-exit-4-103.836796-1.371276","name":"Mayflower · Exit 4","category":"exit","stationId":"mrt-mayflower","exit":"Exit 4","codes":"TE6","source":"LTA DataMall"}},{"type":"Feature","geometry":{"type":"Point","coordinates":[103.83676,1.370777]},"properties":{"id":"mrt-mayflower-exit-5-103.836760-1.370777","name":"Mayflower · Exit 5","category":"exit","stationId":"mrt-mayflower","exit":"Exit 5","codes":"TE6","source":"LTA DataMall"}},{"type":"Feature","geometry":{"type":"Point","coordinates":[103.836309,1.370896]},"properties":{"id":"mrt-mayflower-exit-6-103.836309-1.370896","name":"Mayflower · Exit 6","category":"exit","stationId":"mrt-mayflower","exit":"Exit 6","codes":"TE6","source":"LTA DataMall"}},{"type":"Feature","geometry":{"type":"Point","coordinates":[103.833635,1.364037]},"properties":{"id":"mrt-bright-hill-exit-1-103.833635-1.364037","name":"Bright Hill · Exit 1","category":"exit","stationId":"mrt-bright-hill","exit":"Exit 1","codes":"TE7","source":"LTA DataMall"}},{"type":"Feature","geometry":{"type":"Point","coordinates":[103.833511,1.363283]},"properties":{"id":"mrt-bright-hill-exit-2-103.833511-1.363283","name":"Bright Hill · Exit 2","category":"exit","stationId":"mrt-bright-hill","exit":"Exit 2","codes":"TE7","source":"LTA DataMall"}},{"type":"Feature","geometry":{"type":"Point","coordinates":[103.831954,1.363164]},"properties":{"id":"mrt-bright-hill-exit-4-103.831954-1.363164","name":"Bright Hill · Exit 4","category":"exit","stationId":"mrt-bright-hill","exit":"Exit 4","codes":"TE7","source":"LTA DataMall"}},{"type":"Feature","geometry":{"type":"Point","coordinates":[103.832376,1.362184]},"properties":{"id":"mrt-bright-hill-exit-3-103.832376-1.362184","name":"Bright Hill · Exit 3","category":"exit","stationId":"mrt-bright-hill","exit":"Exit 3","codes":"TE7","source":"LTA DataMall"}},{"type":"Feature","geometry":{"type":"Point","coordinates":[103.831833,1.355737]},"properties":{"id":"mrt-upper-thomson-exit-2-103.831833-1.355737","name":"Upper Thomson · Exit 2","category":"exit","stationId":"mrt-upper-thomson","exit":"Exit 2","codes":"TE8","source":"LTA DataMall"}},{"type":"Feature","geometry":{"type":"Point","coordinates":[103.831916,1.354834]},"properties":{"id":"mrt-upper-thomson-exit-1-103.831916-1.354834","name":"Upper Thomson · Exit 1","category":"exit","stationId":"mrt-upper-thomson","exit":"Exit 1","codes":"TE8","source":"LTA DataMall"}},{"type":"Feature","geometry":{"type":"Point","coordinates":[103.832635,1.354418]},"properties":{"id":"mrt-upper-thomson-exit-5-103.832635-1.354418","name":"Upper Thomson · Exit 5","category":"exit","stationId":"mrt-upper-thomson","exit":"Exit 5","codes":"TE8","source":"LTA DataMall"}},{"type":"Feature","geometry":{"type":"Point","coordinates":[103.833925,1.354145]},"properties":{"id":"mrt-upper-thomson-exit-3-103.833925-1.354145","name":"Upper Thomson · Exit 3","category":"exit","stationId":"mrt-upper-thomson","exit":"Exit 3","codes":"TE8","source":"LTA DataMall"}},{"type":"Feature","geometry":{"type":"Point","coordinates":[103.833794,1.353503]},"properties":{"id":"mrt-upper-thomson-exit-4-103.833794-1.353503","name":"Upper Thomson · Exit 4","category":"exit","stationId":"mrt-upper-thomson","exit":"Exit 4","codes":"TE8","source":"LTA DataMall"}},{"type":"Feature","geometry":{"type":"Point","coordinates":[103.840387,1.33826]},"properties":{"id":"mrt-caldecott-exit-2-103.840387-1.338260","name":"Caldecott · Exit 2","category":"exit","stationId":"mrt-caldecott","exit":"Exit 2","codes":"CC17-TE9","source":"LTA DataMall"}},{"type":"Feature","geometry":{"type":"Point","coordinates":[103.840465,1.337832]},"properties":{"id":"mrt-caldecott-exit-3-103.840465-1.337832","name":"Caldecott · Exit 3","category":"exit","stationId":"mrt-caldecott","exit":"Exit 3","codes":"CC17-TE9","source":"LTA DataMall"}},{"type":"Feature","geometry":{"type":"Point","coordinates":[103.839882,1.336751]},"properties":{"id":"mrt-caldecott-exit-4-103.839882-1.336751","name":"Caldecott · Exit 4","category":"exit","stationId":"mrt-caldecott","exit":"Exit 4","codes":"CC17-TE9","source":"LTA DataMall"}},{"type":"Feature","geometry":{"type":"Point","coordinates":[103.829255,1.443511]},"properties":{"id":"mrt-canberra-exit-d-103.829255-1.443511","name":"Canberra · Exit D","category":"exit","stationId":"mrt-canberra","exit":"Exit D","codes":"NS12","source":"LTA DataMall"}},{"type":"Feature","geometry":{"type":"Point","coordinates":[103.829528,1.44363]},"properties":{"id":"mrt-canberra-exit-a-103.829528-1.443630","name":"Canberra · Exit A","category":"exit","stationId":"mrt-canberra","exit":"Exit A","codes":"NS12","source":"LTA DataMall"}},{"type":"Feature","geometry":{"type":"Point","coordinates":[103.8297,1.442804]},"properties":{"id":"mrt-canberra-exit-c-103.829700-1.442804","name":"Canberra · Exit C","category":"exit","stationId":"mrt-canberra","exit":"Exit C","codes":"NS12","source":"LTA DataMall"}},{"type":"Feature","geometry":{"type":"Point","coordinates":[103.829962,1.442935]},"properties":{"id":"mrt-canberra-exit-b-103.829962-1.442935","name":"Canberra · Exit B","category":"exit","stationId":"mrt-canberra","exit":"Exit B","codes":"NS12","source":"LTA DataMall"}},{"type":"Feature","geometry":{"type":"Point","coordinates":[103.830116,1.443256]},"properties":{"id":"mrt-canberra-exit-e-103.830116-1.443256","name":"Canberra · Exit E","category":"exit","stationId":"mrt-canberra","exit":"Exit E","codes":"NS12","source":"LTA DataMall"}},{"type":"Feature","geometry":{"type":"Point","coordinates":[103.786508,1.436673]},"properties":{"id":"mrt-woodlands-exit-2-103.786508-1.436673","name":"Woodlands · Exit 2","category":"exit","stationId":"mrt-woodlands","exit":"Exit 2","codes":"NS9-TE2","source":"LTA DataMall"}},{"type":"Feature","geometry":{"type":"Point","coordinates":[103.787108,1.437243]},"properties":{"id":"mrt-woodlands-exit-3-103.787108-1.437243","name":"Woodlands · Exit 3","category":"exit","stationId":"mrt-woodlands","exit":"Exit 3","codes":"NS9-TE2","source":"LTA DataMall"}},{"type":"Feature","geometry":{"type":"Point","coordinates":[103.788005,1.43754]},"properties":{"id":"mrt-woodlands-exit-4-103.788005-1.437540","name":"Woodlands · Exit 4","category":"exit","stationId":"mrt-woodlands","exit":"Exit 4","codes":"NS9-TE2","source":"LTA DataMall"}},{"type":"Feature","geometry":{"type":"Point","coordinates":[103.785736,1.436697]},"properties":{"id":"mrt-woodlands-exit-1-103.785736-1.436697","name":"Woodlands · Exit 1","category":"exit","stationId":"mrt-woodlands","exit":"Exit 1","codes":"NS9-TE2","source":"LTA DataMall"}},{"type":"Feature","geometry":{"type":"Point","coordinates":[103.789089,1.434815]},"properties":{"id":"mrt-woodlands-exit-6-103.789089-1.434815","name":"Woodlands · Exit 6","category":"exit","stationId":"mrt-woodlands","exit":"Exit 6","codes":"NS9-TE2","source":"LTA DataMall"}},{"type":"Feature","geometry":{"type":"Point","coordinates":[103.794365,1.425843]},"properties":{"id":"mrt-woodlands-south-exit-5-103.794365-1.425843","name":"Woodlands South · Exit 5","category":"exit","stationId":"mrt-woodlands-south","exit":"Exit 5","codes":"TE3","source":"LTA DataMall"}},{"type":"Feature","geometry":{"type":"Point","coordinates":[103.838117,1.282322]},"properties":{"id":"mrt-outram-park-exit-8-103.838117-1.282322","name":"Outram Park · Exit 8","category":"exit","stationId":"mrt-outram-park","exit":"Exit 8","codes":"EW16-NE3-TE17","source":"LTA DataMall"}},{"type":"Feature","geometry":{"type":"Point","coordinates":[103.83864,1.281022]},"properties":{"id":"mrt-outram-park-exit-7-103.838640-1.281022","name":"Outram Park · Exit 7","category":"exit","stationId":"mrt-outram-park","exit":"Exit 7","codes":"EW16-NE3-TE17","source":"LTA DataMall"}},{"type":"Feature","geometry":{"type":"Point","coordinates":[103.842916,1.280192]},"properties":{"id":"mrt-maxwell-exit-3-103.842916-1.280192","name":"Maxwell · Exit 3","category":"exit","stationId":"mrt-maxwell","exit":"Exit 3","codes":"TE18","source":"LTA DataMall"}},{"type":"Feature","geometry":{"type":"Point","coordinates":[103.844164,1.281034]},"properties":{"id":"mrt-maxwell-exit-1-103.844164-1.281034","name":"Maxwell · Exit 1","category":"exit","stationId":"mrt-maxwell","exit":"Exit 1","codes":"TE18","source":"LTA DataMall"}},{"type":"Feature","geometry":{"type":"Point","coordinates":[103.844895,1.280919]},"properties":{"id":"mrt-maxwell-exit-2-103.844895-1.280919","name":"Maxwell · Exit 2","category":"exit","stationId":"mrt-maxwell","exit":"Exit 2","codes":"TE18","source":"LTA DataMall"}},{"type":"Feature","geometry":{"type":"Point","coordinates":[103.851836,1.277462]},"properties":{"id":"mrt-shenton-way-exit-1-103.851836-1.277462","name":"Shenton Way · Exit 1","category":"exit","stationId":"mrt-shenton-way","exit":"Exit 1","codes":"TE19","source":"LTA DataMall"}},{"type":"Feature","geometry":{"type":"Point","coordinates":[103.851808,1.277144]},"properties":{"id":"mrt-shenton-way-exit-5-103.851808-1.277144","name":"Shenton Way · Exit 5","category":"exit","stationId":"mrt-shenton-way","exit":"Exit 5","codes":"TE19","source":"LTA DataMall"}},{"type":"Feature","geometry":{"type":"Point","coordinates":[103.851034,1.277656]},"properties":{"id":"mrt-shenton-way-exit-4-103.851034-1.277656","name":"Shenton Way · Exit 4","category":"exit","stationId":"mrt-shenton-way","exit":"Exit 4","codes":"TE19","source":"LTA DataMall"}},{"type":"Feature","geometry":{"type":"Point","coordinates":[103.850915,1.277003]},"properties":{"id":"mrt-shenton-way-exit-2-103.850915-1.277003","name":"Shenton Way · Exit 2","category":"exit","stationId":"mrt-shenton-way","exit":"Exit 2","codes":"TE19","source":"LTA DataMall"}},{"type":"Feature","geometry":{"type":"Point","coordinates":[103.850129,1.27763]},"properties":{"id":"mrt-shenton-way-exit-3-103.850129-1.277630","name":"Shenton Way · Exit 3","category":"exit","stationId":"mrt-shenton-way","exit":"Exit 3","codes":"TE19","source":"LTA DataMall"}},{"type":"Feature","geometry":{"type":"Point","coordinates":[103.849893,1.277929]},"properties":{"id":"mrt-shenton-way-exit-6-103.849893-1.277929","name":"Shenton Way · Exit 6","category":"exit","stationId":"mrt-shenton-way","exit":"Exit 6","codes":"TE19","source":"LTA DataMall"}},{"type":"Feature","geometry":{"type":"Point","coordinates":[103.85447,1.277353]},"properties":{"id":"mrt-marina-bay-exit-1-103.854470-1.277353","name":"Marina Bay · Exit 1","category":"exit","stationId":"mrt-marina-bay","exit":"Exit 1","codes":"NS27-CE2-TE20","source":"LTA DataMall"}},{"type":"Feature","geometry":{"type":"Point","coordinates":[103.85432,1.274693]},"properties":{"id":"mrt-marina-bay-exit-5-103.854320-1.274693","name":"Marina Bay · Exit 5","category":"exit","stationId":"mrt-marina-bay","exit":"Exit 5","codes":"NS27-CE2-TE20","source":"LTA DataMall"}},{"type":"Feature","geometry":{"type":"Point","coordinates":[103.856489,1.273634]},"properties":{"id":"mrt-marina-bay-exit-4-103.856489-1.273634","name":"Marina Bay · Exit 4","category":"exit","stationId":"mrt-marina-bay","exit":"Exit 4","codes":"NS27-CE2-TE20","source":"LTA DataMall"}},{"type":"Feature","geometry":{"type":"Point","coordinates":[103.855372,1.275416]},"properties":{"id":"mrt-marina-bay-exit-3-103.855372-1.275416","name":"Marina Bay · Exit 3","category":"exit","stationId":"mrt-marina-bay","exit":"Exit 3","codes":"NS27-CE2-TE20","source":"LTA DataMall"}},{"type":"Feature","geometry":{"type":"Point","coordinates":[103.855003,1.276159]},"properties":{"id":"mrt-marina-bay-exit-2-103.855003-1.276159","name":"Marina Bay · Exit 2","category":"exit","stationId":"mrt-marina-bay","exit":"Exit 2","codes":"NS27-CE2-TE20","source":"LTA DataMall"}},{"type":"Feature","geometry":{"type":"Point","coordinates":[103.867154,1.278303]},"properties":{"id":"mrt-gardens-by-the-bay-exit-3-103.867154-1.278303","name":"Gardens by the Bay · Exit 3","category":"exit","stationId":"mrt-gardens-by-the-bay","exit":"Exit 3","codes":"TE22","source":"LTA DataMall"}},{"type":"Feature","geometry":{"type":"Point","coordinates":[103.867969,1.278826]},"properties":{"id":"mrt-gardens-by-the-bay-exit-2-103.867969-1.278826","name":"Gardens by the Bay · Exit 2","category":"exit","stationId":"mrt-gardens-by-the-bay","exit":"Exit 2","codes":"TE22","source":"LTA DataMall"}},{"type":"Feature","geometry":{"type":"Point","coordinates":[103.868587,1.280371]},"properties":{"id":"mrt-gardens-by-the-bay-exit-1-103.868587-1.280371","name":"Gardens by the Bay · Exit 1","category":"exit","stationId":"mrt-gardens-by-the-bay","exit":"Exit 1","codes":"TE22","source":"LTA DataMall"}},{"type":"Feature","geometry":{"type":"Point","coordinates":[103.823638,1.303624]},"properties":{"id":"mrt-orchard-boulevard-exit-1-103.823638-1.303624","name":"Orchard Boulevard · Exit 1","category":"exit","stationId":"mrt-orchard-boulevard","exit":"Exit 1","codes":"TE13","source":"LTA DataMall"}},{"type":"Feature","geometry":{"type":"Point","coordinates":[103.823896,1.302463]},"properties":{"id":"mrt-orchard-boulevard-exit-2-103.823896-1.302463","name":"Orchard Boulevard · Exit 2","category":"exit","stationId":"mrt-orchard-boulevard","exit":"Exit 2","codes":"TE13","source":"LTA DataMall"}},{"type":"Feature","geometry":{"type":"Point","coordinates":[103.833406,1.296553]},"properties":{"id":"mrt-great-world-exit-5-103.833406-1.296553","name":"Great World · Exit 5","category":"exit","stationId":"mrt-great-world","exit":"Exit 5","codes":"TE15","source":"LTA DataMall"}},{"type":"Feature","geometry":{"type":"Point","coordinates":[103.833905,1.293321]},"properties":{"id":"mrt-great-world-exit-1-103.833905-1.293321","name":"Great World · Exit 1","category":"exit","stationId":"mrt-great-world","exit":"Exit 1","codes":"TE15","source":"LTA DataMall"}},{"type":"Feature","geometry":{"type":"Point","coordinates":[103.832627,1.29287]},"properties":{"id":"mrt-great-world-exit-2-103.832627-1.292870","name":"Great World · Exit 2","category":"exit","stationId":"mrt-great-world","exit":"Exit 2","codes":"TE15","source":"LTA DataMall"}},{"type":"Feature","geometry":{"type":"Point","coordinates":[103.832841,1.293184]},"properties":{"id":"mrt-great-world-exit-6-103.832841-1.293184","name":"Great World · Exit 6","category":"exit","stationId":"mrt-great-world","exit":"Exit 6","codes":"TE15","source":"LTA DataMall"}},{"type":"Feature","geometry":{"type":"Point","coordinates":[103.832734,1.29382]},"properties":{"id":"mrt-great-world-exit-3-103.832734-1.293820","name":"Great World · Exit 3","category":"exit","stationId":"mrt-great-world","exit":"Exit 3","codes":"TE15","source":"LTA DataMall"}},{"type":"Feature","geometry":{"type":"Point","coordinates":[103.833037,1.29603]},"properties":{"id":"mrt-great-world-exit-4-103.833037-1.296030","name":"Great World · Exit 4","category":"exit","stationId":"mrt-great-world","exit":"Exit 4","codes":"TE15","source":"LTA DataMall"}},{"type":"Feature","geometry":{"type":"Point","coordinates":[103.83337,1.288844]},"properties":{"id":"mrt-havelock-exit-3-103.833370-1.288844","name":"Havelock · Exit 3","category":"exit","stationId":"mrt-havelock","exit":"Exit 3","codes":"TE16","source":"LTA DataMall"}},{"type":"Feature","geometry":{"type":"Point","coordinates":[103.819484,1.306936]},"properties":{"id":"mrt-napier-exit-1-103.819484-1.306936","name":"Napier · Exit 1","category":"exit","stationId":"mrt-napier","exit":"Exit 1","codes":"TE12","source":"LTA DataMall"}},{"type":"Feature","geometry":{"type":"Point","coordinates":[103.819507,1.306345]},"properties":{"id":"mrt-napier-exit-2-103.819507-1.306345","name":"Napier · Exit 2","category":"exit","stationId":"mrt-napier","exit":"Exit 2","codes":"TE12","source":"LTA DataMall"}},{"type":"Feature","geometry":{"type":"Point","coordinates":[103.830663,1.302858]},"properties":{"id":"mrt-orchard-exit-12-103.830663-1.302858","name":"Orchard · Exit 12","category":"exit","stationId":"mrt-orchard","exit":"Exit 12","codes":"NS22-TE14","source":"LTA DataMall"}},{"type":"Feature","geometry":{"type":"Point","coordinates":[103.830497,1.304218]},"properties":{"id":"mrt-orchard-exit-11-103.830497-1.304218","name":"Orchard · Exit 11","category":"exit","stationId":"mrt-orchard","exit":"Exit 11","codes":"NS22-TE14","source":"LTA DataMall"}},{"type":"Feature","geometry":{"type":"Point","coordinates":[103.831127,1.304046]},"properties":{"id":"mrt-orchard-exit-10-103.831127-1.304046","name":"Orchard · Exit 10","category":"exit","stationId":"mrt-orchard","exit":"Exit 10","codes":"NS22-TE14","source":"LTA DataMall"}},{"type":"Feature","geometry":{"type":"Point","coordinates":[103.831507,1.303666]},"properties":{"id":"mrt-orchard-exit-9-103.831507-1.303666","name":"Orchard · Exit 9","category":"exit","stationId":"mrt-orchard","exit":"Exit 9","codes":"NS22-TE14","source":"LTA DataMall"}},{"type":"Feature","geometry":{"type":"Point","coordinates":[103.831786,1.303446]},"properties":{"id":"mrt-orchard-exit-8-103.831786-1.303446","name":"Orchard · Exit 8","category":"exit","stationId":"mrt-orchard","exit":"Exit 8","codes":"NS22-TE14","source":"LTA DataMall"}},{"type":"Feature","geometry":{"type":"Point","coordinates":[103.832125,1.302299]},"properties":{"id":"mrt-orchard-exit-13-103.832125-1.302299","name":"Orchard · Exit 13","category":"exit","stationId":"mrt-orchard","exit":"Exit 13","codes":"NS22-TE14","source":"LTA DataMall"}},{"type":"Feature","geometry":{"type":"Point","coordinates":[103.832024,1.303945]},"properties":{"id":"mrt-orchard-exit-5-103.832024-1.303945","name":"Orchard · Exit 5","category":"exit","stationId":"mrt-orchard","exit":"Exit 5","codes":"NS22-TE14","source":"LTA DataMall"}},{"type":"Feature","geometry":{"type":"Point","coordinates":[103.832321,1.303648]},"properties":{"id":"mrt-orchard-exit-6-103.832321-1.303648","name":"Orchard · Exit 6","category":"exit","stationId":"mrt-orchard","exit":"Exit 6","codes":"NS22-TE14","source":"LTA DataMall"}},{"type":"Feature","geometry":{"type":"Point","coordinates":[103.826323,1.320938]},"properties":{"id":"mrt-stevens-exit-5-103.826323-1.320938","name":"Stevens · Exit 5","category":"exit","stationId":"mrt-stevens","exit":"Exit 5","codes":"DT10-TE11","source":"LTA DataMall"}},{"type":"Feature","geometry":{"type":"Point","coordinates":[103.825883,1.32152]},"properties":{"id":"mrt-stevens-exit-4-103.825883-1.321520","name":"Stevens · Exit 4","category":"exit","stationId":"mrt-stevens","exit":"Exit 4","codes":"DT10-TE11","source":"LTA DataMall"}},{"type":"Feature","geometry":{"type":"Point","coordinates":[103.825728,1.319952]},"properties":{"id":"mrt-stevens-exit-1-103.825728-1.319952","name":"Stevens · Exit 1","category":"exit","stationId":"mrt-stevens","exit":"Exit 1","codes":"DT10-TE11","source":"LTA DataMall"}},{"type":"Feature","geometry":{"type":"Point","coordinates":[103.826014,1.318829]},"properties":{"id":"mrt-stevens-exit-2-103.826014-1.318829","name":"Stevens · Exit 2","category":"exit","stationId":"mrt-stevens","exit":"Exit 2","codes":"DT10-TE11","source":"LTA DataMall"}},{"type":"Feature","geometry":{"type":"Point","coordinates":[103.824992,1.31947]},"properties":{"id":"mrt-stevens-exit-3-103.824992-1.319470","name":"Stevens · Exit 3","category":"exit","stationId":"mrt-stevens","exit":"Exit 3","codes":"DT10-TE11","source":"LTA DataMall"}},{"type":"Feature","geometry":{"type":"Point","coordinates":[103.83384,1.286677]},"properties":{"id":"mrt-havelock-exit-1-103.833840-1.286677","name":"Havelock · Exit 1","category":"exit","stationId":"mrt-havelock","exit":"Exit 1","codes":"TE16","source":"LTA DataMall"}},{"type":"Feature","geometry":{"type":"Point","coordinates":[103.833495,1.286944]},"properties":{"id":"mrt-havelock-exit-2-103.833495-1.286944","name":"Havelock · Exit 2","category":"exit","stationId":"mrt-havelock","exit":"Exit 2","codes":"TE16","source":"LTA DataMall"}},{"type":"Feature","geometry":{"type":"Point","coordinates":[103.833962,1.289561]},"properties":{"id":"mrt-havelock-exit-5-103.833962-1.289561","name":"Havelock · Exit 5","category":"exit","stationId":"mrt-havelock","exit":"Exit 5","codes":"TE16","source":"LTA DataMall"}},{"type":"Feature","geometry":{"type":"Point","coordinates":[103.834003,1.290167]},"properties":{"id":"mrt-havelock-exit-4-103.834003-1.290167","name":"Havelock · Exit 4","category":"exit","stationId":"mrt-havelock","exit":"Exit 4","codes":"TE16","source":"LTA DataMall"}},{"type":"Feature","geometry":{"type":"Point","coordinates":[103.851802,1.293455]},"properties":{"id":"mrt-city-hall-exit-d-103.851802-1.293455","name":"City Hall · Exit D","category":"exit","stationId":"mrt-city-hall","exit":"Exit D","codes":"NS25-EW13","source":"LTA DataMall"}},{"type":"Feature","geometry":{"type":"Point","coordinates":[103.893234,1.318288]},"properties":{"id":"mrt-paya-lebar-exit-e-103.893234-1.318288","name":"Paya Lebar · Exit E","category":"exit","stationId":"mrt-paya-lebar","exit":"Exit E","codes":"EW8-CC9","source":"LTA DataMall"}},{"type":"Feature","geometry":{"type":"Point","coordinates":[103.892609,1.316738]},"properties":{"id":"mrt-paya-lebar-exit-f-103.892609-1.316738","name":"Paya Lebar · Exit F","category":"exit","stationId":"mrt-paya-lebar","exit":"Exit F","codes":"EW8-CC9","source":"LTA DataMall"}},{"type":"Feature","geometry":{"type":"Point","coordinates":[103.885069,1.29838]},"properties":{"id":"mrt-katong-park-exit-2-103.885069-1.298380","name":"Katong Park · Exit 2","category":"exit","stationId":"mrt-katong-park","exit":"Exit 2","codes":"TE24","source":"LTA DataMall"}},{"type":"Feature","geometry":{"type":"Point","coordinates":[103.887092,1.297539]},"properties":{"id":"mrt-katong-park-exit-1-103.887092-1.297539","name":"Katong Park · Exit 1","category":"exit","stationId":"mrt-katong-park","exit":"Exit 1","codes":"TE24","source":"LTA DataMall"}},{"type":"Feature","geometry":{"type":"Point","coordinates":[103.90591,1.302093]},"properties":{"id":"mrt-marine-parade-exit-1-103.905910-1.302093","name":"Marine Parade · Exit 1","category":"exit","stationId":"mrt-marine-parade","exit":"Exit 1","codes":"TE26","source":"LTA DataMall"}},{"type":"Feature","geometry":{"type":"Point","coordinates":[103.904591,1.302532]},"properties":{"id":"mrt-marine-parade-exit-2-103.904591-1.302532","name":"Marine Parade · Exit 2","category":"exit","stationId":"mrt-marine-parade","exit":"Exit 2","codes":"TE26","source":"LTA DataMall"}},{"type":"Feature","geometry":{"type":"Point","coordinates":[103.906053,1.303594]},"properties":{"id":"mrt-marine-parade-exit-3-103.906053-1.303594","name":"Marine Parade · Exit 3","category":"exit","stationId":"mrt-marine-parade","exit":"Exit 3","codes":"TE26","source":"LTA DataMall"}},{"type":"Feature","geometry":{"type":"Point","coordinates":[103.907627,1.304566]},"properties":{"id":"mrt-marine-parade-exit-4-103.907627-1.304566","name":"Marine Parade · Exit 4","category":"exit","stationId":"mrt-marine-parade","exit":"Exit 4","codes":"TE26","source":"LTA DataMall"}},{"type":"Feature","geometry":{"type":"Point","coordinates":[103.907788,1.304299]},"properties":{"id":"mrt-marine-parade-exit-6-103.907788-1.304299","name":"Marine Parade · Exit 6","category":"exit","stationId":"mrt-marine-parade","exit":"Exit 6","codes":"TE26","source":"LTA DataMall"}},{"type":"Feature","geometry":{"type":"Point","coordinates":[103.909094,1.30558]},"properties":{"id":"mrt-marine-parade-exit-5-103.909094-1.305580","name":"Marine Parade · Exit 5","category":"exit","stationId":"mrt-marine-parade","exit":"Exit 5","codes":"TE26","source":"LTA DataMall"}},{"type":"Feature","geometry":{"type":"Point","coordinates":[103.91502,1.306895]},"properties":{"id":"mrt-marine-terrace-exit-4-103.915020-1.306895","name":"Marine Terrace · Exit 4","category":"exit","stationId":"mrt-marine-terrace","exit":"Exit 4","codes":"TE27","source":"LTA DataMall"}},{"type":"Feature","geometry":{"type":"Point","coordinates":[103.915052,1.306399]},"properties":{"id":"mrt-marine-terrace-exit-1-103.915052-1.306399","name":"Marine Terrace · Exit 1","category":"exit","stationId":"mrt-marine-terrace","exit":"Exit 1","codes":"TE27","source":"LTA DataMall"}},{"type":"Feature","geometry":{"type":"Point","coordinates":[103.917089,1.307438]},"properties":{"id":"mrt-marine-terrace-exit-5-103.917089-1.307438","name":"Marine Terrace · Exit 5","category":"exit","stationId":"mrt-marine-terrace","exit":"Exit 5","codes":"TE27","source":"LTA DataMall"}},{"type":"Feature","geometry":{"type":"Point","coordinates":[103.916945,1.307063]},"properties":{"id":"mrt-marine-terrace-exit-6-103.916945-1.307063","name":"Marine Terrace · Exit 6","category":"exit","stationId":"mrt-marine-terrace","exit":"Exit 6","codes":"TE27","source":"LTA DataMall"}},{"type":"Feature","geometry":{"type":"Point","coordinates":[103.913253,1.305789]},"properties":{"id":"mrt-marine-terrace-exit-2-103.913253-1.305789","name":"Marine Terrace · Exit 2","category":"exit","stationId":"mrt-marine-terrace","exit":"Exit 2","codes":"TE27","source":"LTA DataMall"}},{"type":"Feature","geometry":{"type":"Point","coordinates":[103.913087,1.306579]},"properties":{"id":"mrt-marine-terrace-exit-3-103.913087-1.306579","name":"Marine Terrace · Exit 3","category":"exit","stationId":"mrt-marine-terrace","exit":"Exit 3","codes":"TE27","source":"LTA DataMall"}},{"type":"Feature","geometry":{"type":"Point","coordinates":[103.873478,1.296459]},"properties":{"id":"mrt-tanjong-rhu-exit-1-103.873478-1.296459","name":"Tanjong Rhu · Exit 1","category":"exit","stationId":"mrt-tanjong-rhu","exit":"Exit 1","codes":"TE23","source":"LTA DataMall"}},{"type":"Feature","geometry":{"type":"Point","coordinates":[103.873603,1.2982]},"properties":{"id":"mrt-tanjong-rhu-exit-2-103.873603-1.298200","name":"Tanjong Rhu · Exit 2","category":"exit","stationId":"mrt-tanjong-rhu","exit":"Exit 2","codes":"TE23","source":"LTA DataMall"}},{"type":"Feature","geometry":{"type":"Point","coordinates":[103.897045,1.299039]},"properties":{"id":"mrt-tanjong-katong-exit-1-103.897045-1.299039","name":"Tanjong Katong · Exit 1","category":"exit","stationId":"mrt-tanjong-katong","exit":"Exit 1","codes":"TE25","source":"LTA DataMall"}},{"type":"Feature","geometry":{"type":"Point","coordinates":[103.897693,1.299016]},"properties":{"id":"mrt-tanjong-katong-exit-2-103.897693-1.299016","name":"Tanjong Katong · Exit 2","category":"exit","stationId":"mrt-tanjong-katong","exit":"Exit 2","codes":"TE25","source":"LTA DataMall"}},{"type":"Feature","geometry":{"type":"Point","coordinates":[103.928793,1.30885]},"properties":{"id":"mrt-siglap-exit-1-103.928793-1.308850","name":"Siglap · Exit 1","category":"exit","stationId":"mrt-siglap","exit":"Exit 1","codes":"TE28","source":"LTA DataMall"}},{"type":"Feature","geometry":{"type":"Point","coordinates":[103.928586,1.309777]},"properties":{"id":"mrt-siglap-exit-2-103.928586-1.309777","name":"Siglap · Exit 2","category":"exit","stationId":"mrt-siglap","exit":"Exit 2","codes":"TE28","source":"LTA DataMall"}},{"type":"Feature","geometry":{"type":"Point","coordinates":[103.931246,1.310589]},"properties":{"id":"mrt-siglap-exit-3-103.931246-1.310589","name":"Siglap · Exit 3","category":"exit","stationId":"mrt-siglap","exit":"Exit 3","codes":"TE28","source":"LTA DataMall"}},{"type":"Feature","geometry":{"type":"Point","coordinates":[103.931291,1.310202]},"properties":{"id":"mrt-siglap-exit-4-103.931291-1.310202","name":"Siglap · Exit 4","category":"exit","stationId":"mrt-siglap","exit":"Exit 4","codes":"TE28","source":"LTA DataMall"}},{"type":"Feature","geometry":{"type":"Point","coordinates":[103.941262,1.311899]},"properties":{"id":"mrt-bayshore-exit-1-103.941262-1.311899","name":"Bayshore · Exit 1","category":"exit","stationId":"mrt-bayshore","exit":"Exit 1","codes":"TE29","source":"LTA DataMall"}},{"type":"Feature","geometry":{"type":"Point","coordinates":[103.940673,1.312184]},"properties":{"id":"mrt-bayshore-exit-2-103.940673-1.312184","name":"Bayshore · Exit 2","category":"exit","stationId":"mrt-bayshore","exit":"Exit 2","codes":"TE29","source":"LTA DataMall"}},{"type":"Feature","geometry":{"type":"Point","coordinates":[103.940721,1.313568]},"properties":{"id":"mrt-bayshore-exit-3-103.940721-1.313568","name":"Bayshore · Exit 3","category":"exit","stationId":"mrt-bayshore","exit":"Exit 3","codes":"TE29","source":"LTA DataMall"}},{"type":"Feature","geometry":{"type":"Point","coordinates":[103.942676,1.313526]},"properties":{"id":"mrt-bayshore-exit-4-103.942676-1.313526","name":"Bayshore · Exit 4","category":"exit","stationId":"mrt-bayshore","exit":"Exit 4","codes":"TE29","source":"LTA DataMall"}},{"type":"Feature","geometry":{"type":"Point","coordinates":[103.942584,1.312897]},"properties":{"id":"mrt-bayshore-exit-5-103.942584-1.312897","name":"Bayshore · Exit 5","category":"exit","stationId":"mrt-bayshore","exit":"Exit 5","codes":"TE29","source":"LTA DataMall"}},{"type":"Feature","geometry":{"type":"Point","coordinates":[103.897715,1.300229]},"properties":{"id":"mrt-tanjong-katong-exit-3-103.897715-1.300229","name":"Tanjong Katong · Exit 3","category":"exit","stationId":"mrt-tanjong-katong","exit":"Exit 3","codes":"TE25","source":"LTA DataMall"}},{"type":"Feature","geometry":{"type":"Point","coordinates":[103.768696,1.355063]},"properties":{"id":"mrt-hume-exit-1-103.768696-1.355063","name":"Hume · Exit 1","category":"exit","stationId":"mrt-hume","exit":"Exit 1","codes":"DT4","source":"LTA DataMall"}},{"type":"Feature","geometry":{"type":"Point","coordinates":[103.768652,1.354829]},"properties":{"id":"mrt-hume-exit-2-103.768652-1.354829","name":"Hume · Exit 2","category":"exit","stationId":"mrt-hume","exit":"Exit 2","codes":"DT4","source":"LTA DataMall"}},{"type":"Feature","geometry":{"type":"Point","coordinates":[103.8481,1.2826]},"properties":{"id":"mrt-telok-ayer-exit-d-103.848100-1.282600","name":"Telok Ayer · Exit D","category":"exit","stationId":"mrt-telok-ayer","exit":"Exit D","codes":"DT18","source":"LTA DataMall"}},{"type":"Feature","geometry":{"type":"Point","coordinates":[103.8475,1.2827]},"properties":{"id":"mrt-telok-ayer-exit-e-103.847500-1.282700","name":"Telok Ayer · Exit E","category":"exit","stationId":"mrt-telok-ayer","exit":"Exit E","codes":"DT18","source":"LTA DataMall"}},{"type":"Feature","geometry":{"type":"Point","coordinates":[103.888261,1.335772]},"properties":{"id":"mrt-tai-seng-exit-c-103.888261-1.335772","name":"Tai Seng · Exit C","category":"exit","stationId":"mrt-tai-seng","exit":"Exit C","codes":"CC11","source":"LTA DataMall"}},{"type":"Feature","geometry":{"type":"Point","coordinates":[103.857067,1.298957]},"properties":{"id":"mrt-bugis-exit-g-103.857067-1.298957","name":"Bugis · Exit G","category":"exit","stationId":"mrt-bugis","exit":"Exit G","codes":"EW12-DT14","source":"LTA DataMall"}},{"type":"Feature","geometry":{"type":"Point","coordinates":[103.857408,1.299305]},"properties":{"id":"mrt-bugis-exit-e-103.857408-1.299305","name":"Bugis · Exit E","category":"exit","stationId":"mrt-bugis","exit":"Exit E","codes":"EW12-DT14","source":"LTA DataMall"}},{"type":"Feature","geometry":{"type":"Point","coordinates":[103.857148,1.299638]},"properties":{"id":"mrt-bugis-exit-f-103.857148-1.299638","name":"Bugis · Exit F","category":"exit","stationId":"mrt-bugis","exit":"Exit F","codes":"EW12-DT14","source":"LTA DataMall"}},{"type":"Feature","geometry":{"type":"Point","coordinates":[103.856035,1.300343]},"properties":{"id":"mrt-bugis-exit-h-103.856035-1.300343","name":"Bugis · Exit H","category":"exit","stationId":"mrt-bugis","exit":"Exit H","codes":"EW12-DT14","source":"LTA DataMall"}},{"type":"Feature","geometry":{"type":"Point","coordinates":[103.909533,1.414836]},"properties":{"id":"mrt-punggol-coast-exit-1-103.909533-1.414836","name":"Punggol Coast · Exit 1","category":"exit","stationId":"mrt-punggol-coast","exit":"Exit 1","codes":"NE18","source":"LTA DataMall"}},{"type":"Feature","geometry":{"type":"Point","coordinates":[103.910681,1.415089]},"properties":{"id":"mrt-punggol-coast-exit-2-103.910681-1.415089","name":"Punggol Coast · Exit 2","category":"exit","stationId":"mrt-punggol-coast","exit":"Exit 2","codes":"NE18","source":"LTA DataMall"}}]}
